-- phpMyAdmin SQL Dump
-- version 4.4.12
-- http://www.phpmyadmin.net
--
-- Host: 127.0.0.1
-- Generation Time: 16 Mei 2019 pada 14.42
-- Versi Server: 5.6.25
-- PHP Version: 5.5.27

SET SQL_MODE = "NO_AUTO_VALUE_ON_ZERO";
SET time_zone = "+00:00";


/*!40101 SET @OLD_CHARACTER_SET_CLIENT=@@CHARACTER_SET_CLIENT */;
/*!40101 SET @OLD_CHARACTER_SET_RESULTS=@@CHARACTER_SET_RESULTS */;
/*!40101 SET @OLD_COLLATION_CONNECTION=@@COLLATION_CONNECTION */;
/*!40101 SET NAMES utf8mb4 */;

--
-- Database: `akademik`
--

-- --------------------------------------------------------

--
-- Struktur dari tabel `dabsensi_pegawai`
--

CREATE TABLE IF NOT EXISTS `dabsensi_pegawai` (
  `ID_PEGAWAI` varchar(100) NOT NULL,
  `ID_APEGAWAI` varchar(100) NOT NULL,
  `STATUS` varchar(10) DEFAULT NULL,
  `KETERANGAN` varchar(250) DEFAULT NULL,
  `HADIR` int(11) NOT NULL DEFAULT '0',
  `IZIN` int(11) NOT NULL DEFAULT '0',
  `ALFA` int(11) NOT NULL DEFAULT '0'
) ENGINE=InnoDB DEFAULT CHARSET=latin1;

--
-- Dumping data untuk tabel `dabsensi_pegawai`
--

INSERT INTO `dabsensi_pegawai` (`ID_PEGAWAI`, `ID_APEGAWAI`, `STATUS`, `KETERANGAN`, `HADIR`, `IZIN`, `ALFA`) VALUES
('1', '1-2212-Gasal', 'Hadir', '', 1, 0, 0),
('1', '10-2212-Gasal', 'Hadir', '', 1, 0, 0),
('1', '11-2018 / 2019 - Genap', 'Hadir', '', 1, 0, 0),
('1', '12-2018 / 2019 - Genap', 'Hadir', '', 1, 0, 0),
('1', '13-2018 / 2019 - Genap', 'Hadir', '', 1, 0, 0),
('1', '14-2018 / 2019 - Genap', 'Hadir', '', 1, 0, 0),
('1', '15-2018 / 2019 - Genap', 'Hadir', '', 1, 0, 0),
('1', '16-2018 / 2019 - Genap', 'Hadir', '', 1, 0, 0),
('1', '17-2018 / 2019 - Genap', 'Hadir', '', 1, 0, 0),
('1', '19-2018 / 2019 - Genap', 'Hadir', '', 1, 0, 0),
('1', '2-2212-Gasal', 'Hadir', '', 1, 0, 0),
('1', '3-2212-Gasal', 'Hadir', '', 1, 0, 0),
('1', '30-2018 / 2019 - Genap', 'Hadir', '', 1, 0, 0),
('1', '32-2018 / 2019 - Genap', 'Hadir', '', 1, 0, 0),
('1', '33-2018 / 2019 - Genap', 'Hadir', '', 1, 0, 0),
('1', '34-2018 / 2019 - Genap', 'Hadir', '', 1, 0, 0),
('1', '35-2018 / 2019 - Genap', 'Hadir', '', 1, 0, 0),
('1', '37-2018 / 2019 - Genap', 'Hadir', '', 1, 0, 0),
('1', '38-2018 / 2019 - Genap', 'Hadir', '', 1, 0, 0),
('1', '39-2018 / 2019 - Genap', 'Hadir', '', 1, 0, 0),
('1', '4-2019-Gasal', 'Hadir', '', 1, 0, 0),
('1', '41-2018 / 2019 - Genap', 'Hadir', '', 1, 0, 0),
('1', '42-2018 / 2019 - Genap', 'Hadir', '', 1, 0, 0),
('1', '43-2018 / 2019 - Genap', 'Hadir', '', 1, 0, 0),
('1', '49-2018 / 2019 - Genap', 'Hadir', '', 1, 0, 0),
('1', '5-2019-Gasal', 'Hadir', '', 1, 0, 0),
('1', '50-2018 / 2019 - Genap', 'Hadir', '', 1, 0, 0),
('1', '53-2018 / 2019 - Genap', 'Hadir', '', 1, 0, 0),
('1', '54-2018 / 2019 - Genap', 'Hadir', '', 1, 0, 0),
('1', '55-2018 / 2019 - Genap', 'Hadir', '', 1, 0, 0),
('1', '6-2212-Gasal', 'Hadir', '', 1, 0, 0),
('1', '7-2212-Gasal', 'Hadir', '', 1, 0, 0),
('1', '8-2212-Gasal', 'Hadir', '', 1, 0, 0),
('1', '9-2212-Gasal', 'Hadir', '', 1, 0, 0),
('10', '15-2018 / 2019 - Genap', 'Hadir', '', 1, 0, 0),
('10', '17-2018 / 2019 - Genap', 'Hadir', '', 1, 0, 0),
('10', '22-2018 / 2019 - Genap', 'Hadir', '', 1, 0, 0),
('10', '23-2018 / 2019 - Genap', 'Hadir', '', 1, 0, 0),
('10', '24-2018 / 2019 - Genap', 'Alfa', '', 0, 0, 1),
('10', '28-2018 / 2019 - Genap', 'Hadir', '', 1, 0, 0),
('10', '33-2018 / 2019 - Genap', 'Hadir', '', 1, 0, 0),
('10', '37-2018 / 2019 - Genap', 'Hadir', '', 1, 0, 0),
('10', '41-2018 / 2019 - Genap', 'Hadir', '', 1, 0, 0),
('10', '42-2018 / 2019 - Genap', 'Hadir', '', 1, 0, 0),
('10', '43-2018 / 2019 - Genap', 'Hadir', '', 1, 0, 0),
('10', '48-2018 / 2019 - Genap', 'Hadir', '', 1, 0, 0),
('10', '53-2018 / 2019 - Genap', 'Hadir', '', 1, 0, 0),
('10', '54-2018 / 2019 - Genap', 'Hadir', '', 1, 0, 0),
('10', '55-2018 / 2019 - Genap', 'Hadir', '', 1, 0, 0),
('11', '11-2018 / 2019 - Genap', 'Izin', '', 0, 1, 0),
('11', '12-2018 / 2019 - Genap', 'Hadir', '', 1, 0, 0),
('11', '15-2018 / 2019 - Genap', 'Hadir', '', 1, 0, 0),
('11', '17-2018 / 2019 - Genap', 'Hadir', '', 1, 0, 0),
('11', '21-2018 / 2019 - Genap', 'Alfa', '', 0, 0, 1),
('11', '24-2018 / 2019 - Genap', 'Hadir', '', 1, 0, 0),
('11', '26-2018 / 2019 - Genap', 'Hadir', '', 1, 0, 0),
('11', '48-2018 / 2019 - Genap', 'Hadir', '', 1, 0, 0),
('11', '49-2018 / 2019 - Genap', 'Hadir', '', 1, 0, 0),
('11', '50-2018 / 2019 - Genap', 'Hadir', '', 1, 0, 0),
('11', '53-2018 / 2019 - Genap', 'Hadir', '', 1, 0, 0),
('11', '54-2018 / 2019 - Genap', 'Hadir', '', 1, 0, 0),
('11', '55-2018 / 2019 - Genap', 'Hadir', '', 1, 0, 0),
('12', '11-2018 / 2019 - Genap', 'Izin', '', 0, 1, 0),
('12', '13-2018 / 2019 - Genap', 'Hadir', '', 1, 0, 0),
('12', '17-2018 / 2019 - Genap', 'Hadir', '', 1, 0, 0),
('12', '19-2018 / 2019 - Genap', 'Hadir', '', 1, 0, 0),
('12', '22-2018 / 2019 - Genap', 'Hadir', '', 1, 0, 0),
('12', '24-2018 / 2019 - Genap', 'Izin', 'sakit', 0, 1, 0),
('12', '25-2018 / 2019 - Genap', 'Hadir', '', 1, 0, 0),
('12', '26-2018 / 2019 - Genap', 'Hadir', '', 1, 0, 0),
('12', '33-2018 / 2019 - Genap', 'Hadir', '', 1, 0, 0),
('12', '37-2018 / 2019 - Genap', 'Hadir', '', 1, 0, 0),
('12', '38-2018 / 2019 - Genap', 'Hadir', '', 1, 0, 0),
('12', '45-2018 / 2019 - Genap', 'Izin', '', 0, 1, 0),
('12', '53-2018 / 2019 - Genap', 'Hadir', '', 1, 0, 0),
('12', '54-2018 / 2019 - Genap', 'Hadir', '', 1, 0, 0),
('12', '55-2018 / 2019 - Genap', 'Hadir', '', 1, 0, 0),
('13', '11-2018 / 2019 - Genap', 'Izin', '', 0, 1, 0),
('13', '14-2018 / 2019 - Genap', 'Hadir', '', 1, 0, 0),
('13', '17-2018 / 2019 - Genap', 'Hadir', '', 1, 0, 0),
('13', '19-2018 / 2019 - Genap', 'Hadir', '', 1, 0, 0),
('13', '21-2018 / 2019 - Genap', 'Izin', 'sakit', 0, 1, 0),
('13', '24-2018 / 2019 - Genap', 'Hadir', '', 1, 0, 0),
('13', '38-2018 / 2019 - Genap', 'Hadir', '', 1, 0, 0),
('13', '41-2018 / 2019 - Genap', 'Hadir', '', 1, 0, 0),
('13', '42-2018 / 2019 - Genap', 'Hadir', '', 1, 0, 0),
('13', '46-2018 / 2019 - Genap', 'Hadir', '', 1, 0, 0),
('13', '47-2018 / 2019 - Genap', 'Hadir', '', 1, 0, 0),
('13', '48-2018 / 2019 - Genap', 'Hadir', '', 1, 0, 0),
('13', '49-2018 / 2019 - Genap', 'Izin', '', 0, 1, 0),
('13', '53-2018 / 2019 - Genap', 'Hadir', '', 1, 0, 0),
('13', '54-2018 / 2019 - Genap', 'Hadir', '', 1, 0, 0),
('13', '55-2018 / 2019 - Genap', 'Hadir', '', 1, 0, 0),
('14', '12-2018 / 2019 - Genap', 'Hadir', '', 1, 0, 0),
('14', '13-2018 / 2019 - Genap', 'Hadir', '', 1, 0, 0),
('14', '15-2018 / 2019 - Genap', 'Hadir', '', 1, 0, 0),
('14', '17-2018 / 2019 - Genap', 'Hadir', '', 1, 0, 0),
('14', '23-2018 / 2019 - Genap', 'Hadir', '', 1, 0, 0),
('14', '37-2018 / 2019 - Genap', 'Hadir', '', 1, 0, 0),
('14', '47-2018 / 2019 - Genap', 'Hadir', '', 1, 0, 0),
('14', '53-2018 / 2019 - Genap', 'Hadir', '', 1, 0, 0),
('14', '54-2018 / 2019 - Genap', 'Hadir', '', 1, 0, 0),
('14', '55-2018 / 2019 - Genap', 'Hadir', '', 1, 0, 0),
('15', '11-2018 / 2019 - Genap', 'Izin', '', 0, 1, 0),
('15', '17-2018 / 2019 - Genap', 'Hadir', '', 1, 0, 0),
('15', '23-2018 / 2019 - Genap', 'Izin', 'Sakit', 0, 1, 0),
('15', '26-2018 / 2019 - Genap', 'Izin', '', 0, 1, 0),
('15', '27-2018 / 2019 - Genap', 'Hadir', '', 1, 0, 0),
('15', '38-2018 / 2019 - Genap', 'Hadir', '', 1, 0, 0),
('15', '39-2018 / 2019 - Genap', 'Hadir', '', 1, 0, 0),
('15', '50-2018 / 2019 - Genap', 'Hadir', '', 1, 0, 0),
('15', '53-2018 / 2019 - Genap', 'Hadir', '', 1, 0, 0),
('15', '54-2018 / 2019 - Genap', 'Hadir', '', 1, 0, 0),
('15', '55-2018 / 2019 - Genap', 'Hadir', '', 1, 0, 0),
('16', '16-2018 / 2019 - Genap', 'Hadir', '', 1, 0, 0),
('16', '17-2018 / 2019 - Genap', 'Hadir', '', 1, 0, 0),
('16', '23-2018 / 2019 - Genap', 'Alfa', '', 0, 0, 1),
('16', '24-2018 / 2019 - Genap', 'Hadir', '', 1, 0, 0),
('16', '25-2018 / 2019 - Genap', 'Hadir', '', 1, 0, 0),
('16', '29-2018 / 2019 - Genap', 'Hadir', '', 1, 0, 0),
('16', '30-2018 / 2019 - Genap', 'Hadir', '', 1, 0, 0),
('16', '38-2018 / 2019 - Genap', 'Hadir', '', 1, 0, 0),
('16', '45-2018 / 2019 - Genap', 'Hadir', '', 1, 0, 0),
('16', '46-2018 / 2019 - Genap', 'Hadir', '', 1, 0, 0),
('16', '53-2018 / 2019 - Genap', 'Hadir', '', 1, 0, 0),
('16', '54-2018 / 2019 - Genap', 'Hadir', '', 1, 0, 0),
('16', '55-2018 / 2019 - Genap', 'Hadir', '', 1, 0, 0),
('17', '11-2018 / 2019 - Genap', 'Izin', '', 0, 1, 0),
('17', '17-2018 / 2019 - Genap', 'Hadir', '', 1, 0, 0),
('17', '23-2018 / 2019 - Genap', 'Hadir', '', 1, 0, 0),
('17', '25-2018 / 2019 - Genap', 'Hadir', '', 1, 0, 0),
('17', '30-2018 / 2019 - Genap', 'Hadir', '', 1, 0, 0),
('17', '37-2018 / 2019 - Genap', 'Hadir', '', 1, 0, 0),
('17', '41-2018 / 2019 - Genap', 'Hadir', '', 1, 0, 0),
('17', '48-2018 / 2019 - Genap', 'Hadir', '', 1, 0, 0),
('17', '53-2018 / 2019 - Genap', 'Hadir', '', 1, 0, 0),
('17', '54-2018 / 2019 - Genap', 'Hadir', '', 1, 0, 0),
('17', '55-2018 / 2019 - Genap', 'Hadir', '', 1, 0, 0),
('18', '14-2018 / 2019 - Genap', 'Hadir', '', 1, 0, 0),
('18', '15-2018 / 2019 - Genap', 'Alfa', '', 0, 0, 1),
('18', '16-2018 / 2019 - Genap', 'Hadir', '', 1, 0, 0),
('18', '17-2018 / 2019 - Genap', 'Hadir', '', 1, 0, 0),
('18', '23-2018 / 2019 - Genap', 'Hadir', '', 1, 0, 0),
('18', '26-2018 / 2019 - Genap', 'Hadir', '', 1, 0, 0),
('18', '30-2018 / 2019 - Genap', 'Hadir', '', 1, 0, 0),
('18', '31-2018 / 2019 - Genap', 'Hadir', '', 1, 0, 0),
('18', '33-2018 / 2019 - Genap', 'Hadir', '', 1, 0, 0),
('18', '40-2018 / 2019 - Genap', 'Hadir', '', 1, 0, 0),
('18', '53-2018 / 2019 - Genap', 'Hadir', '', 1, 0, 0),
('18', '54-2018 / 2019 - Genap', 'Hadir', '', 1, 0, 0),
('18', '55-2018 / 2019 - Genap', 'Hadir', '', 1, 0, 0),
('19', '17-2018 / 2019 - Genap', 'Hadir', '', 1, 0, 0),
('19', '23-2018 / 2019 - Genap', 'Hadir', '', 1, 0, 0),
('19', '24-2018 / 2019 - Genap', 'Hadir', '', 1, 0, 0),
('19', '28-2018 / 2019 - Genap', 'Hadir', '', 1, 0, 0),
('19', '29-2018 / 2019 - Genap', 'Hadir', '', 1, 0, 0),
('19', '31-2018 / 2019 - Genap', 'Hadir', '', 1, 0, 0),
('19', '41-2018 / 2019 - Genap', 'Alfa', '', 0, 0, 1),
('19', '44-2018 / 2019 - Genap', 'Hadir', '', 1, 0, 0),
('19', '53-2018 / 2019 - Genap', 'Hadir', '', 1, 0, 0),
('19', '54-2018 / 2019 - Genap', 'Hadir', '', 1, 0, 0),
('19', '55-2018 / 2019 - Genap', 'Hadir', '', 1, 0, 0),
('20', '16-2018 / 2019 - Genap', 'Hadir', '', 1, 0, 0),
('20', '17-2018 / 2019 - Genap', 'Hadir', '', 1, 0, 0),
('20', '24-2018 / 2019 - Genap', 'Hadir', '', 1, 0, 0),
('20', '25-2018 / 2019 - Genap', 'Hadir', '', 1, 0, 0),
('20', '26-2018 / 2019 - Genap', 'Hadir', '', 1, 0, 0),
('20', '33-2018 / 2019 - Genap', 'Hadir', '', 1, 0, 0),
('20', '35-2018 / 2019 - Genap', 'Hadir', '', 1, 0, 0),
('20', '45-2018 / 2019 - Genap', 'Izin', '', 0, 1, 0),
('20', '53-2018 / 2019 - Genap', 'Hadir', '', 1, 0, 0),
('20', '54-2018 / 2019 - Genap', 'Hadir', '', 1, 0, 0),
('20', '55-2018 / 2019 - Genap', 'Hadir', '', 1, 0, 0),
('21', '15-2018 / 2019 - Genap', 'Alfa', '', 0, 0, 1),
('21', '16-2018 / 2019 - Genap', 'Hadir', '', 1, 0, 0),
('21', '17-2018 / 2019 - Genap', 'Hadir', '', 1, 0, 0),
('21', '23-2018 / 2019 - Genap', 'Hadir', '', 1, 0, 0),
('21', '25-2018 / 2019 - Genap', 'Hadir', '', 1, 0, 0),
('21', '28-2018 / 2019 - Genap', 'Hadir', '', 1, 0, 0),
('21', '32-2018 / 2019 - Genap', 'Hadir', '', 1, 0, 0),
('21', '37-2018 / 2019 - Genap', 'Alfa', '', 0, 0, 1),
('21', '42-2018 / 2019 - Genap', 'Hadir', '', 1, 0, 0),
('21', '43-2018 / 2019 - Genap', 'Alfa', '', 0, 0, 1),
('21', '45-2018 / 2019 - Genap', 'Hadir', '', 1, 0, 0),
('21', '47-2018 / 2019 - Genap', 'Hadir', '', 1, 0, 0),
('21', '53-2018 / 2019 - Genap', 'Hadir', '', 1, 0, 0),
('21', '54-2018 / 2019 - Genap', 'Hadir', '', 1, 0, 0),
('21', '55-2018 / 2019 - Genap', 'Hadir', '', 1, 0, 0),
('22', '15-2018 / 2019 - Genap', 'Alfa', '', 0, 0, 1),
('22', '17-2018 / 2019 - Genap', 'Hadir', '', 1, 0, 0),
('22', '22-2018 / 2019 - Genap', 'Izin', 'Keperluan Keluarga', 0, 1, 0),
('22', '23-2018 / 2019 - Genap', 'Hadir', '', 1, 0, 0),
('22', '24-2018 / 2019 - Genap', 'Hadir', '', 1, 0, 0),
('22', '26-2018 / 2019 - Genap', 'Hadir', '', 1, 0, 0),
('22', '33-2018 / 2019 - Genap', 'Hadir', '', 1, 0, 0),
('22', '35-2018 / 2019 - Genap', 'Hadir', '', 1, 0, 0),
('22', '44-2018 / 2019 - Genap', 'Hadir', '', 1, 0, 0),
('22', '45-2018 / 2019 - Genap', 'Hadir', '', 1, 0, 0),
('22', '47-2018 / 2019 - Genap', 'Hadir', '', 1, 0, 0),
('22', '53-2018 / 2019 - Genap', 'Hadir', '', 1, 0, 0),
('22', '54-2018 / 2019 - Genap', 'Hadir', '', 1, 0, 0),
('22', '55-2018 / 2019 - Genap', 'Hadir', '', 1, 0, 0),
('24', '15-2018 / 2019 - Genap', 'Alfa', '', 0, 0, 1),
('24', '17-2018 / 2019 - Genap', 'Hadir', '', 1, 0, 0),
('24', '22-2018 / 2019 - Genap', 'Hadir', '', 1, 0, 0),
('24', '24-2018 / 2019 - Genap', 'Hadir', '', 1, 0, 0),
('24', '25-2018 / 2019 - Genap', 'Hadir', '', 1, 0, 0),
('24', '29-2018 / 2019 - Genap', 'Hadir', '', 1, 0, 0),
('24', '35-2018 / 2019 - Genap', 'Hadir', '', 1, 0, 0),
('24', '41-2018 / 2019 - Genap', 'Alfa', '', 0, 0, 1),
('24', '43-2018 / 2019 - Genap', 'Izin', '', 0, 1, 0),
('24', '44-2018 / 2019 - Genap', 'Hadir', '', 1, 0, 0),
('24', '46-2018 / 2019 - Genap', 'Hadir', '', 1, 0, 0),
('24', '48-2018 / 2019 - Genap', 'Hadir', '', 1, 0, 0),
('24', '50-2018 / 2019 - Genap', 'Hadir', '', 1, 0, 0),
('24', '53-2018 / 2019 - Genap', 'Hadir', '', 1, 0, 0),
('24', '54-2018 / 2019 - Genap', 'Hadir', '', 1, 0, 0),
('24', '55-2018 / 2019 - Genap', 'Hadir', '', 1, 0, 0),
('25', '17-2018 / 2019 - Genap', 'Hadir', '', 1, 0, 0),
('25', '23-2018 / 2019 - Genap', 'Izin', 'Sakit', 0, 1, 0),
('25', '24-2018 / 2019 - Genap', 'Hadir', '', 1, 0, 0),
('25', '26-2018 / 2019 - Genap', 'Hadir', '', 1, 0, 0),
('25', '28-2018 / 2019 - Genap', 'Hadir', '', 1, 0, 0),
('25', '30-2018 / 2019 - Genap', 'Hadir', '', 1, 0, 0),
('25', '32-2018 / 2019 - Genap', 'Hadir', '', 1, 0, 0),
('25', '33-2018 / 2019 - Genap', 'Hadir', '', 1, 0, 0),
('25', '39-2018 / 2019 - Genap', 'Hadir', '', 1, 0, 0),
('25', '40-2018 / 2019 - Genap', 'Hadir', '', 1, 0, 0),
('25', '42-2018 / 2019 - Genap', 'Alfa', '', 0, 0, 1),
('25', '46-2018 / 2019 - Genap', 'Hadir', '', 1, 0, 0),
('25', '47-2018 / 2019 - Genap', 'Hadir', '', 1, 0, 0),
('25', '48-2018 / 2019 - Genap', 'Hadir', '', 1, 0, 0),
('25', '53-2018 / 2019 - Genap', 'Hadir', '', 1, 0, 0),
('25', '54-2018 / 2019 - Genap', 'Hadir', '', 1, 0, 0),
('25', '55-2018 / 2019 - Genap', 'Hadir', '', 1, 0, 0),
('26', '24-2018 / 2019 - Genap', 'Hadir', '', 1, 0, 0),
('26', '25-2018 / 2019 - Genap', 'Hadir', '', 1, 0, 0),
('26', '37-2018 / 2019 - Genap', 'Alfa', '', 0, 0, 1),
('26', '38-2018 / 2019 - Genap', 'Hadir', '', 1, 0, 0),
('26', '40-2018 / 2019 - Genap', 'Hadir', '', 1, 0, 0),
('26', '43-2018 / 2019 - Genap', 'Hadir', '', 1, 0, 0),
('26', '45-2018 / 2019 - Genap', 'Izin', '', 0, 1, 0),
('26', '47-2018 / 2019 - Genap', 'Hadir', '', 1, 0, 0),
('26', '49-2018 / 2019 - Genap', 'Alfa', '', 0, 0, 1),
('26', '50-2018 / 2019 - Genap', 'Hadir', '', 1, 0, 0),
('26', '53-2018 / 2019 - Genap', 'Hadir', '', 1, 0, 0),
('26', '54-2018 / 2019 - Genap', 'Hadir', '', 1, 0, 0),
('26', '55-2018 / 2019 - Genap', 'Hadir', '', 1, 0, 0),
('27', '25-2018 / 2019 - Genap', 'Hadir', '', 1, 0, 0),
('27', '26-2018 / 2019 - Genap', 'Hadir', '', 1, 0, 0),
('27', '29-2018 / 2019 - Genap', 'Hadir', '', 1, 0, 0),
('27', '36-2018 / 2019 - Genap', 'Hadir', '', 1, 0, 0),
('27', '39-2018 / 2019 - Genap', 'Hadir', '', 1, 0, 0),
('27', '43-2018 / 2019 - Genap', 'Izin', '', 0, 1, 0),
('27', '47-2018 / 2019 - Genap', 'Hadir', '', 1, 0, 0),
('27', '50-2018 / 2019 - Genap', 'Alfa', '', 0, 0, 1),
('27', '53-2018 / 2019 - Genap', 'Hadir', '', 1, 0, 0),
('27', '54-2018 / 2019 - Genap', 'Hadir', '', 1, 0, 0),
('27', '55-2018 / 2019 - Genap', 'Hadir', '', 1, 0, 0),
('28', '25-2018 / 2019 - Genap', 'Hadir', '', 1, 0, 0),
('28', '26-2018 / 2019 - Genap', 'Hadir', '', 1, 0, 0),
('28', '28-2018 / 2019 - Genap', 'Hadir', '', 1, 0, 0),
('28', '29-2018 / 2019 - Genap', 'Hadir', '', 1, 0, 0),
('28', '36-2018 / 2019 - Genap', 'Hadir', '', 1, 0, 0),
('28', '42-2018 / 2019 - Genap', 'Alfa', '', 0, 0, 1),
('28', '44-2018 / 2019 - Genap', 'Hadir', '', 1, 0, 0),
('28', '49-2018 / 2019 - Genap', 'Hadir', '', 1, 0, 0),
('28', '53-2018 / 2019 - Genap', 'Hadir', '', 1, 0, 0),
('28', '54-2018 / 2019 - Genap', 'Hadir', '', 1, 0, 0),
('28', '55-2018 / 2019 - Genap', 'Hadir', '', 1, 0, 0),
('29', '30-2018 / 2019 - Genap', 'Hadir', '', 1, 0, 0),
('29', '35-2018 / 2019 - Genap', 'Hadir', '', 1, 0, 0),
('29', '42-2018 / 2019 - Genap', 'Hadir', '', 1, 0, 0),
('29', '46-2018 / 2019 - Genap', 'Hadir', '', 1, 0, 0),
('29', '49-2018 / 2019 - Genap', 'Alfa', '', 0, 0, 1),
('29', '53-2018 / 2019 - Genap', 'Hadir', '', 1, 0, 0),
('29', '54-2018 / 2019 - Genap', 'Hadir', '', 1, 0, 0),
('29', '55-2018 / 2019 - Genap', 'Hadir', '', 1, 0, 0),
('3', '10-2212-Gasal', 'Hadir', '', 1, 0, 0),
('3', '2-2212-Gasal', 'Hadir', '', 1, 0, 0),
('3', '3-2212-Gasal', 'Izin', '', 0, 1, 0),
('3', '5-2019-Gasal', 'Hadir', '', 1, 0, 0),
('3', '6-2212-Gasal', 'Hadir', '', 1, 0, 0),
('3', '7-2212-Gasal', 'Hadir', '', 1, 0, 0),
('3', '8-2212-Gasal', 'Hadir', '', 1, 0, 0),
('3', '9-2212-Gasal', 'Hadir', '', 1, 0, 0),
('30', '32-2018 / 2019 - Genap', 'Hadir', '', 1, 0, 0),
('30', '36-2018 / 2019 - Genap', 'Hadir', '', 1, 0, 0),
('30', '37-2018 / 2019 - Genap', 'Hadir', '', 1, 0, 0),
('30', '42-2018 / 2019 - Genap', 'Hadir', '', 1, 0, 0),
('30', '44-2018 / 2019 - Genap', 'Hadir', '', 1, 0, 0),
('30', '48-2018 / 2019 - Genap', 'Izin', '', 0, 1, 0),
('30', '53-2018 / 2019 - Genap', 'Hadir', '', 1, 0, 0),
('30', '54-2018 / 2019 - Genap', 'Hadir', '', 1, 0, 0),
('30', '55-2018 / 2019 - Genap', 'Hadir', '', 1, 0, 0),
('31', '34-2018 / 2019 - Genap', 'Hadir', '', 1, 0, 0),
('31', '36-2018 / 2019 - Genap', 'Hadir', '', 1, 0, 0),
('31', '38-2018 / 2019 - Genap', 'Hadir', '', 1, 0, 0),
('31', '39-2018 / 2019 - Genap', 'Hadir', '', 1, 0, 0),
('31', '40-2018 / 2019 - Genap', 'Hadir', '', 1, 0, 0),
('31', '43-2018 / 2019 - Genap', 'Izin', '', 0, 1, 0),
('31', '44-2018 / 2019 - Genap', 'Hadir', '', 1, 0, 0),
('31', '47-2018 / 2019 - Genap', 'Hadir', '', 1, 0, 0),
('31', '53-2018 / 2019 - Genap', 'Hadir', '', 1, 0, 0),
('31', '54-2018 / 2019 - Genap', 'Hadir', '', 1, 0, 0),
('31', '55-2018 / 2019 - Genap', 'Hadir', '', 1, 0, 0),
('32', '27-2018 / 2019 - Genap', 'Hadir', '', 1, 0, 0),
('32', '32-2018 / 2019 - Genap', 'Hadir', '', 1, 0, 0),
('32', '33-2018 / 2019 - Genap', 'Hadir', '', 1, 0, 0),
('32', '34-2018 / 2019 - Genap', 'Hadir', '', 1, 0, 0),
('32', '35-2018 / 2019 - Genap', 'Hadir', '', 1, 0, 0),
('32', '37-2018 / 2019 - Genap', 'Alfa', '', 0, 0, 1),
('32', '39-2018 / 2019 - Genap', 'Hadir', '', 1, 0, 0),
('32', '43-2018 / 2019 - Genap', 'Alfa', '', 0, 0, 1),
('32', '44-2018 / 2019 - Genap', 'Hadir', '', 1, 0, 0),
('32', '50-2018 / 2019 - Genap', 'Alfa', '', 0, 0, 1),
('32', '53-2018 / 2019 - Genap', 'Hadir', '', 1, 0, 0),
('32', '54-2018 / 2019 - Genap', 'Hadir', '', 1, 0, 0),
('32', '55-2018 / 2019 - Genap', 'Hadir', '', 1, 0, 0),
('33', '32-2018 / 2019 - Genap', 'Hadir', '', 1, 0, 0),
('33', '39-2018 / 2019 - Genap', 'Hadir', '', 1, 0, 0),
('33', '49-2018 / 2019 - Genap', 'Hadir', '', 1, 0, 0),
('33', '50-2018 / 2019 - Genap', 'Hadir', '', 1, 0, 0),
('33', '53-2018 / 2019 - Genap', 'Hadir', '', 1, 0, 0),
('33', '54-2018 / 2019 - Genap', 'Hadir', '', 1, 0, 0),
('33', '55-2018 / 2019 - Genap', 'Hadir', '', 1, 0, 0),
('34', '28-2018 / 2019 - Genap', 'Hadir', '', 1, 0, 0),
('34', '29-2018 / 2019 - Genap', 'Hadir', '', 1, 0, 0),
('34', '31-2018 / 2019 - Genap', 'Hadir', '', 1, 0, 0),
('34', '34-2018 / 2019 - Genap', 'Hadir', '', 1, 0, 0),
('34', '42-2018 / 2019 - Genap', 'Hadir', '', 1, 0, 0),
('34', '43-2018 / 2019 - Genap', 'Hadir', '', 1, 0, 0),
('34', '46-2018 / 2019 - Genap', 'Hadir', '', 1, 0, 0),
('34', '53-2018 / 2019 - Genap', 'Hadir', '', 1, 0, 0),
('34', '54-2018 / 2019 - Genap', 'Hadir', '', 1, 0, 0),
('34', '55-2018 / 2019 - Genap', 'Hadir', '', 1, 0, 0),
('35', '28-2018 / 2019 - Genap', 'Hadir', '', 1, 0, 0),
('35', '32-2018 / 2019 - Genap', 'Hadir', '', 1, 0, 0),
('35', '35-2018 / 2019 - Genap', 'Izin', '', 0, 1, 0),
('35', '37-2018 / 2019 - Genap', 'Hadir', '', 1, 0, 0),
('35', '38-2018 / 2019 - Genap', 'Hadir', '', 1, 0, 0),
('35', '39-2018 / 2019 - Genap', 'Hadir', '', 1, 0, 0),
('35', '41-2018 / 2019 - Genap', 'Hadir', '', 1, 0, 0),
('35', '46-2018 / 2019 - Genap', 'Hadir', '', 1, 0, 0),
('35', '53-2018 / 2019 - Genap', 'Hadir', '', 1, 0, 0),
('35', '54-2018 / 2019 - Genap', 'Hadir', '', 1, 0, 0),
('35', '55-2018 / 2019 - Genap', 'Hadir', '', 1, 0, 0),
('36', '27-2018 / 2019 - Genap', 'Hadir', '', 1, 0, 0),
('36', '30-2018 / 2019 - Genap', 'Hadir', '', 1, 0, 0),
('36', '36-2018 / 2019 - Genap', 'Hadir', '', 1, 0, 0),
('36', '41-2018 / 2019 - Genap', 'Hadir', '', 1, 0, 0),
('36', '44-2018 / 2019 - Genap', 'Alfa', '', 0, 0, 1),
('36', '48-2018 / 2019 - Genap', 'Hadir', '', 1, 0, 0),
('36', '53-2018 / 2019 - Genap', 'Hadir', '', 1, 0, 0),
('36', '54-2018 / 2019 - Genap', 'Hadir', '', 1, 0, 0),
('36', '55-2018 / 2019 - Genap', 'Hadir', '', 1, 0, 0),
('37', '27-2018 / 2019 - Genap', 'Hadir', '', 1, 0, 0),
('37', '32-2018 / 2019 - Genap', 'Hadir', '', 1, 0, 0),
('37', '33-2018 / 2019 - Genap', 'Hadir', '', 1, 0, 0),
('37', '35-2018 / 2019 - Genap', 'Hadir', '', 1, 0, 0),
('37', '53-2018 / 2019 - Genap', 'Hadir', '', 1, 0, 0),
('37', '54-2018 / 2019 - Genap', 'Hadir', '', 1, 0, 0),
('37', '55-2018 / 2019 - Genap', 'Hadir', '', 1, 0, 0),
('38', '27-2018 / 2019 - Genap', 'Hadir', '', 1, 0, 0),
('38', '34-2018 / 2019 - Genap', 'Hadir', '', 1, 0, 0),
('38', '47-2018 / 2019 - Genap', 'Izin', '', 0, 1, 0),
('38', '53-2018 / 2019 - Genap', 'Hadir', '', 1, 0, 0),
('38', '54-2018 / 2019 - Genap', 'Hadir', '', 1, 0, 0),
('38', '55-2018 / 2019 - Genap', 'Hadir', '', 1, 0, 0),
('39', '32-2018 / 2019 - Genap', 'Hadir', '', 1, 0, 0),
('39', '35-2018 / 2019 - Genap', 'Hadir', '', 1, 0, 0),
('39', '40-2018 / 2019 - Genap', 'Hadir', '', 1, 0, 0),
('39', '41-2018 / 2019 - Genap', 'Hadir', '', 1, 0, 0),
('39', '44-2018 / 2019 - Genap', 'Alfa', '', 0, 0, 1),
('39', '47-2018 / 2019 - Genap', 'Hadir', '', 1, 0, 0),
('39', '53-2018 / 2019 - Genap', 'Hadir', '', 1, 0, 0),
('39', '54-2018 / 2019 - Genap', 'Hadir', '', 1, 0, 0),
('39', '55-2018 / 2019 - Genap', 'Hadir', '', 1, 0, 0),
('4', '10-2212-Gasal', 'Hadir', '', 1, 0, 0),
('4', '2-2212-Gasal', 'Hadir', '', 1, 0, 0),
('4', '3-2212-Gasal', 'Alfa', '', 0, 0, 1),
('4', '5-2019-Gasal', 'Hadir', '', 1, 0, 0),
('4', '6-2212-Gasal', 'Hadir', '', 1, 0, 0),
('4', '7-2212-Gasal', 'Hadir', '', 1, 0, 0),
('4', '8-2212-Gasal', 'Hadir', '', 1, 0, 0),
('4', '9-2212-Gasal', 'Hadir', '', 1, 0, 0),
('40', '27-2018 / 2019 - Genap', 'Hadir', '', 1, 0, 0),
('40', '28-2018 / 2019 - Genap', 'Hadir', '', 1, 0, 0),
('40', '42-2018 / 2019 - Genap', 'Hadir', '', 1, 0, 0),
('40', '45-2018 / 2019 - Genap', 'Hadir', '', 1, 0, 0),
('40', '47-2018 / 2019 - Genap', 'Hadir', '', 1, 0, 0),
('40', '53-2018 / 2019 - Genap', 'Hadir', '', 1, 0, 0),
('40', '54-2018 / 2019 - Genap', 'Hadir', '', 1, 0, 0),
('40', '55-2018 / 2019 - Genap', 'Hadir', '', 1, 0, 0),
('41', '27-2018 / 2019 - Genap', 'Hadir', '', 1, 0, 0),
('41', '31-2018 / 2019 - Genap', 'Hadir', '', 1, 0, 0),
('41', '32-2018 / 2019 - Genap', 'Hadir', '', 1, 0, 0),
('41', '33-2018 / 2019 - Genap', 'Hadir', '', 1, 0, 0),
('41', '35-2018 / 2019 - Genap', 'Hadir', '', 1, 0, 0),
('41', '37-2018 / 2019 - Genap', 'Hadir', '', 1, 0, 0),
('41', '39-2018 / 2019 - Genap', 'Hadir', '', 1, 0, 0),
('41', '40-2018 / 2019 - Genap', 'Hadir', '', 1, 0, 0),
('41', '43-2018 / 2019 - Genap', 'Hadir', '', 1, 0, 0),
('41', '53-2018 / 2019 - Genap', 'Hadir', '', 1, 0, 0),
('41', '54-2018 / 2019 - Genap', 'Hadir', '', 1, 0, 0),
('41', '55-2018 / 2019 - Genap', 'Hadir', '', 1, 0, 0),
('42', '31-2018 / 2019 - Genap', 'Hadir', '', 1, 0, 0),
('42', '32-2018 / 2019 - Genap', 'Hadir', '', 1, 0, 0),
('42', '38-2018 / 2019 - Genap', 'Hadir', '', 1, 0, 0),
('42', '41-2018 / 2019 - Genap', 'Hadir', '', 1, 0, 0),
('42', '42-2018 / 2019 - Genap', 'Hadir', '', 1, 0, 0),
('42', '53-2018 / 2019 - Genap', 'Hadir', '', 1, 0, 0),
('42', '54-2018 / 2019 - Genap', 'Hadir', '', 1, 0, 0),
('42', '55-2018 / 2019 - Genap', 'Hadir', '', 1, 0, 0),
('43', '28-2018 / 2019 - Genap', 'Hadir', '', 1, 0, 0),
('43', '29-2018 / 2019 - Genap', 'Hadir', '', 1, 0, 0),
('43', '31-2018 / 2019 - Genap', 'Hadir', '', 1, 0, 0),
('43', '32-2018 / 2019 - Genap', 'Hadir', '', 1, 0, 0),
('43', '34-2018 / 2019 - Genap', 'Hadir', '', 1, 0, 0),
('43', '35-2018 / 2019 - Genap', 'Hadir', '', 1, 0, 0),
('43', '36-2018 / 2019 - Genap', 'Hadir', '', 1, 0, 0),
('43', '48-2018 / 2019 - Genap', 'Hadir', '', 1, 0, 0),
('43', '53-2018 / 2019 - Genap', 'Hadir', '', 1, 0, 0),
('43', '54-2018 / 2019 - Genap', 'Hadir', '', 1, 0, 0),
('43', '55-2018 / 2019 - Genap', 'Hadir', '', 1, 0, 0),
('44', '32-2018 / 2019 - Genap', 'Hadir', '', 1, 0, 0),
('44', '33-2018 / 2019 - Genap', 'Hadir', '', 1, 0, 0),
('44', '37-2018 / 2019 - Genap', 'Hadir', '', 1, 0, 0),
('44', '39-2018 / 2019 - Genap', 'Hadir', '', 1, 0, 0),
('44', '41-2018 / 2019 - Genap', 'Hadir', '', 1, 0, 0),
('44', '42-2018 / 2019 - Genap', 'Hadir', '', 1, 0, 0),
('44', '45-2018 / 2019 - Genap', 'Hadir', '', 1, 0, 0),
('44', '53-2018 / 2019 - Genap', 'Hadir', '', 1, 0, 0),
('44', '54-2018 / 2019 - Genap', 'Hadir', '', 1, 0, 0),
('44', '55-2018 / 2019 - Genap', 'Hadir', '', 1, 0, 0),
('45', '31-2018 / 2019 - Genap', 'Hadir', '', 1, 0, 0),
('45', '34-2018 / 2019 - Genap', 'Hadir', '', 1, 0, 0),
('45', '38-2018 / 2019 - Genap', 'Hadir', '', 1, 0, 0),
('45', '41-2018 / 2019 - Genap', 'Hadir', '', 1, 0, 0),
('45', '50-2018 / 2019 - Genap', 'Izin', '', 0, 1, 0),
('45', '53-2018 / 2019 - Genap', 'Hadir', '', 1, 0, 0),
('45', '54-2018 / 2019 - Genap', 'Hadir', '', 1, 0, 0),
('45', '55-2018 / 2019 - Genap', 'Hadir', '', 1, 0, 0),
('46', '31-2018 / 2019 - Genap', 'Hadir', '', 1, 0, 0),
('46', '34-2018 / 2019 - Genap', 'Hadir', '', 1, 0, 0),
('46', '36-2018 / 2019 - Genap', 'Hadir', '', 1, 0, 0),
('46', '47-2018 / 2019 - Genap', 'Izin', '', 0, 1, 0),
('46', '49-2018 / 2019 - Genap', 'Hadir', '', 1, 0, 0),
('46', '53-2018 / 2019 - Genap', 'Hadir', '', 1, 0, 0),
('46', '54-2018 / 2019 - Genap', 'Hadir', '', 1, 0, 0),
('46', '55-2018 / 2019 - Genap', 'Hadir', '', 1, 0, 0),
('47', '34-2018 / 2019 - Genap', 'Hadir', '', 1, 0, 0),
('47', '37-2018 / 2019 - Genap', 'Hadir', '', 1, 0, 0),
('47', '38-2018 / 2019 - Genap', 'Hadir', '', 1, 0, 0),
('47', '40-2018 / 2019 - Genap', 'Hadir', '', 1, 0, 0),
('47', '42-2018 / 2019 - Genap', 'Hadir', '', 1, 0, 0),
('47', '43-2018 / 2019 - Genap', 'Hadir', '', 1, 0, 0),
('47', '47-2018 / 2019 - Genap', 'Izin', '', 0, 1, 0),
('47', '49-2018 / 2019 - Genap', 'Hadir', '', 1, 0, 0),
('47', '50-2018 / 2019 - Genap', 'Izin', '', 0, 1, 0),
('47', '53-2018 / 2019 - Genap', 'Hadir', '', 1, 0, 0),
('47', '54-2018 / 2019 - Genap', 'Hadir', '', 1, 0, 0),
('47', '55-2018 / 2019 - Genap', 'Hadir', '', 1, 0, 0),
('48', '34-2018 / 2019 - Genap', 'Hadir', '', 1, 0, 0),
('48', '36-2018 / 2019 - Genap', 'Hadir', '', 1, 0, 0),
('48', '37-2018 / 2019 - Genap', 'Hadir', '', 1, 0, 0),
('48', '40-2018 / 2019 - Genap', 'Hadir', '', 1, 0, 0),
('48', '42-2018 / 2019 - Genap', 'Hadir', '', 1, 0, 0),
('48', '43-2018 / 2019 - Genap', 'Hadir', '', 1, 0, 0),
('48', '44-2018 / 2019 - Genap', 'Hadir', '', 1, 0, 0),
('48', '47-2018 / 2019 - Genap', 'Hadir', '', 1, 0, 0),
('48', '48-2018 / 2019 - Genap', 'Hadir', '', 1, 0, 0),
('48', '50-2018 / 2019 - Genap', 'Hadir', '', 1, 0, 0),
('48', '51-2018 / 2019 - Genap', 'Hadir', '', 1, 0, 0),
('48', '53-2018 / 2019 - Genap', 'Hadir', '', 1, 0, 0),
('48', '54-2018 / 2019 - Genap', 'Hadir', '', 1, 0, 0),
('48', '55-2018 / 2019 - Genap', 'Hadir', '', 1, 0, 0),
('49', '37-2018 / 2019 - Genap', 'Hadir', '', 1, 0, 0),
('49', '38-2018 / 2019 - Genap', 'Hadir', '', 1, 0, 0),
('49', '39-2018 / 2019 - Genap', 'Hadir', '', 1, 0, 0),
('49', '40-2018 / 2019 - Genap', 'Hadir', '', 1, 0, 0),
('49', '41-2018 / 2019 - Genap', 'Hadir', '', 1, 0, 0),
('49', '42-2018 / 2019 - Genap', 'Hadir', '', 1, 0, 0),
('49', '43-2018 / 2019 - Genap', 'Hadir', '', 1, 0, 0),
('49', '44-2018 / 2019 - Genap', 'Hadir', '', 1, 0, 0),
('49', '45-2018 / 2019 - Genap', 'Hadir', '', 1, 0, 0),
('49', '47-2018 / 2019 - Genap', 'Hadir', '', 1, 0, 0),
('49', '49-2018 / 2019 - Genap', 'Hadir', '', 1, 0, 0),
('49', '50-2018 / 2019 - Genap', 'Hadir', '', 1, 0, 0),
('49', '53-2018 / 2019 - Genap', 'Hadir', '', 1, 0, 0),
('49', '54-2018 / 2019 - Genap', 'Hadir', '', 1, 0, 0),
('49', '55-2018 / 2019 - Genap', 'Hadir', '', 1, 0, 0),
('5', '10-2212-Gasal', 'Hadir', '', 1, 0, 0),
('5', '2-2212-Gasal', 'Hadir', '', 1, 0, 0),
('5', '3-2212-Gasal', 'Alfa', '', 0, 0, 1),
('5', '5-2019-Gasal', 'Hadir', '', 1, 0, 0),
('5', '6-2212-Gasal', 'Hadir', '', 1, 0, 0),
('5', '7-2212-Gasal', 'Hadir', '', 1, 0, 0),
('5', '8-2212-Gasal', 'Hadir', '', 1, 0, 0),
('5', '9-2212-Gasal', 'Hadir', '', 1, 0, 0),
('50', '37-2018 / 2019 - Genap', 'Hadir', '', 1, 0, 0),
('50', '38-2018 / 2019 - Genap', 'Hadir', '', 1, 0, 0),
('50', '39-2018 / 2019 - Genap', 'Hadir', '', 1, 0, 0),
('50', '41-2018 / 2019 - Genap', 'Hadir', '', 1, 0, 0),
('50', '43-2018 / 2019 - Genap', 'Hadir', '', 1, 0, 0),
('50', '44-2018 / 2019 - Genap', 'Hadir', '', 1, 0, 0),
('50', '45-2018 / 2019 - Genap', 'Hadir', '', 1, 0, 0),
('50', '46-2018 / 2019 - Genap', 'Hadir', '', 1, 0, 0),
('50', '47-2018 / 2019 - Genap', 'Hadir', '', 1, 0, 0),
('50', '48-2018 / 2019 - Genap', 'Alfa', '', 0, 0, 1),
('50', '49-2018 / 2019 - Genap', 'Hadir', '', 1, 0, 0),
('50', '50-2018 / 2019 - Genap', 'Hadir', '', 1, 0, 0),
('50', '53-2018 / 2019 - Genap', 'Hadir', '', 1, 0, 0),
('50', '54-2018 / 2019 - Genap', 'Hadir', '', 1, 0, 0),
('50', '55-2018 / 2019 - Genap', 'Hadir', '', 1, 0, 0),
('6', '10-2212-Gasal', 'Hadir', '', 1, 0, 0),
('6', '6-2212-Gasal', 'Hadir', '', 1, 0, 0),
('6', '7-2212-Gasal', 'Hadir', '', 1, 0, 0),
('6', '8-2212-Gasal', 'Hadir', '', 1, 0, 0),
('6', '9-2212-Gasal', 'Hadir', '', 1, 0, 0),
('7', '10-2212-Gasal', 'Hadir', '', 1, 0, 0),
('7', '6-2212-Gasal', 'Hadir', '', 1, 0, 0),
('7', '7-2212-Gasal', 'Hadir', '', 1, 0, 0),
('7', '8-2212-Gasal', 'Hadir', '', 1, 0, 0),
('7', '9-2212-Gasal', 'Hadir', '', 1, 0, 0),
('8', '10-2212-Gasal', 'Hadir', '', 1, 0, 0),
('8', '6-2212-Gasal', 'Hadir', '', 1, 0, 0),
('8', '7-2212-Gasal', 'Hadir', '', 1, 0, 0),
('8', '8-2212-Gasal', 'Hadir', '', 1, 0, 0),
('8', '9-2212-Gasal', 'Hadir', '', 1, 0, 0),
('9', '10-2212-Gasal', 'Hadir', '', 1, 0, 0),
('9', '6-2212-Gasal', 'Hadir', '', 1, 0, 0),
('9', '7-2212-Gasal', 'Hadir', '', 1, 0, 0),
('9', '8-2212-Gasal', 'Hadir', '', 1, 0, 0),
('9', '9-2212-Gasal', 'Hadir', '', 1, 0, 0);

-- --------------------------------------------------------

--
-- Struktur dari tabel `dabsensi_siswa`
--

CREATE TABLE IF NOT EXISTS `dabsensi_siswa` (
  `ID_ASISWA` varchar(100) NOT NULL,
  `ID_SISWA` varchar(100) NOT NULL,
  `STATUS` varchar(10) DEFAULT NULL,
  `KETERANGAN` varchar(250) DEFAULT NULL,
  `HADIR` int(11) NOT NULL DEFAULT '0',
  `IZIN` int(11) NOT NULL DEFAULT '0',
  `ALFA` int(11) NOT NULL DEFAULT '0'
) ENGINE=InnoDB DEFAULT CHARSET=latin1;

--
-- Dumping data untuk tabel `dabsensi_siswa`
--

INSERT INTO `dabsensi_siswa` (`ID_ASISWA`, `ID_SISWA`, `STATUS`, `KETERANGAN`, `HADIR`, `IZIN`, `ALFA`) VALUES
('1-1-7a-2212-Gasal', '1', 'Hadir', '', 1, 0, 0),
('15-11-7A-2018 / 2019 - Genap', '13', 'Hadir', '', 1, 0, 0),
('18-12-7G-2018 / 2019 - Genap', '10', 'Hadir', '', 1, 0, 0),
('18-12-7G-2018 / 2019 - Genap', '14', 'Hadir', '', 1, 0, 0),
('18-12-7G-2018 / 2019 - Genap', '20', 'Hadir', '', 1, 0, 0),
('18-12-7G-2018 / 2019 - Genap', '23', 'Hadir', '', 1, 0, 0),
('2-6-7a-2212-Gasal', '1', 'Hadir', '', 1, 0, 0),
('2-6-7a-2212-Gasal', '2', 'Hadir', '', 1, 0, 0),
('2-6-7a-2212-Gasal', '4', 'Hadir', '', 1, 0, 0),
('2-6-7a-2212-Gasal', '5', 'Alfa', '', 0, 0, 1),
('20-11-7A-2018 / 2019 - Genap', '13', 'Hadir', '', 1, 0, 0),
('20-11-7A-2018 / 2019 - Genap', '19', 'Hadir', '', 1, 0, 0),
('20-11-7A-2018 / 2019 - Genap', '30', 'Hadir', '', 1, 0, 0),
('21-12-7G-2018 / 2019 - Genap', '11', 'Hadir', '', 1, 0, 0),
('21-12-7G-2018 / 2019 - Genap', '12', 'Hadir', '', 1, 0, 0),
('21-12-7G-2018 / 2019 - Genap', '13', 'Hadir', '', 1, 0, 0),
('21-12-7G-2018 / 2019 - Genap', '15', 'Hadir', '', 1, 0, 0),
('21-12-7G-2018 / 2019 - Genap', '16', 'Hadir', '', 1, 0, 0),
('22-11-7A-2018 / 2019 - Genap', '19', 'Hadir', '', 1, 0, 0),
('22-11-7A-2018 / 2019 - Genap', '30', 'Hadir', '', 1, 0, 0),
('23-12-7G-2018 / 2019 - Genap', '10', 'Hadir', '', 1, 0, 0),
('23-12-7G-2018 / 2019 - Genap', '12', 'Hadir', '', 1, 0, 0),
('23-12-7G-2018 / 2019 - Genap', '13', 'Hadir', '', 1, 0, 0),
('23-12-7G-2018 / 2019 - Genap', '14', 'Izin', '', 0, 1, 0),
('23-12-7G-2018 / 2019 - Genap', '15', 'Alfa', '', 0, 0, 1),
('23-12-7G-2018 / 2019 - Genap', '16', 'Hadir', '', 1, 0, 0),
('23-12-7G-2018 / 2019 - Genap', '17', 'Izin', '', 0, 1, 0),
('23-12-7G-2018 / 2019 - Genap', '18', 'Alfa', '', 0, 0, 1),
('23-12-7G-2018 / 2019 - Genap', '19', 'Izin', 'Sakit', 0, 1, 0),
('23-12-7G-2018 / 2019 - Genap', '20', 'Izin', 'Sakit', 0, 1, 0),
('23-12-7G-2018 / 2019 - Genap', '21', 'Hadir', '', 1, 0, 0),
('23-12-7G-2018 / 2019 - Genap', '22', 'Hadir', '', 1, 0, 0),
('23-12-7G-2018 / 2019 - Genap', '23', 'Hadir', '', 1, 0, 0),
('24-12-7G-2018 / 2019 - Genap', '10', 'Hadir', '', 1, 0, 0),
('24-12-7G-2018 / 2019 - Genap', '11', 'Izin', 'sakit', 0, 1, 0),
('24-12-7G-2018 / 2019 - Genap', '12', 'Hadir', '', 1, 0, 0),
('24-12-7G-2018 / 2019 - Genap', '13', 'Hadir', '', 1, 0, 0),
('24-12-7G-2018 / 2019 - Genap', '14', 'Hadir', '', 1, 0, 0),
('24-12-7G-2018 / 2019 - Genap', '15', 'Hadir', '', 1, 0, 0),
('24-12-7G-2018 / 2019 - Genap', '16', 'Hadir', '', 1, 0, 0),
('24-12-7G-2018 / 2019 - Genap', '17', 'Hadir', '', 1, 0, 0),
('24-12-7G-2018 / 2019 - Genap', '18', 'Hadir', '', 1, 0, 0),
('24-12-7G-2018 / 2019 - Genap', '19', 'Hadir', '', 1, 0, 0),
('24-12-7G-2018 / 2019 - Genap', '20', 'Hadir', '', 1, 0, 0),
('24-12-7G-2018 / 2019 - Genap', '21', 'Hadir', '', 1, 0, 0),
('25-11-7A-2018 / 2019 - Genap', '13', 'Hadir', '', 1, 0, 0),
('25-11-7A-2018 / 2019 - Genap', '19', 'Hadir', '', 1, 0, 0),
('25-11-7A-2018 / 2019 - Genap', '30', 'Hadir', '', 1, 0, 0),
('26-12-7G-2018 / 2019 - Genap', '11', 'Hadir', '', 1, 0, 0),
('26-12-7G-2018 / 2019 - Genap', '12', 'Hadir', '', 1, 0, 0),
('26-12-7G-2018 / 2019 - Genap', '13', 'Hadir', '', 1, 0, 0),
('26-12-7G-2018 / 2019 - Genap', '14', 'Hadir', '', 1, 0, 0),
('26-12-7G-2018 / 2019 - Genap', '15', 'Hadir', '', 1, 0, 0),
('26-12-7G-2018 / 2019 - Genap', '16', 'Hadir', '', 1, 0, 0),
('26-12-7G-2018 / 2019 - Genap', '19', 'Hadir', '', 1, 0, 0),
('26-12-7G-2018 / 2019 - Genap', '22', 'Hadir', '', 1, 0, 0),
('26-12-7G-2018 / 2019 - Genap', '23', 'Hadir', '', 1, 0, 0),
('26-12-7G-2018 / 2019 - Genap', '24', 'Hadir', '', 1, 0, 0),
('27-12-7G-2018 / 2019 - Genap', '12', 'Hadir', '', 1, 0, 0),
('27-12-7G-2018 / 2019 - Genap', '13', 'Hadir', '', 1, 0, 0),
('27-12-7G-2018 / 2019 - Genap', '15', 'Hadir', '', 1, 0, 0),
('27-12-7G-2018 / 2019 - Genap', '17', 'Hadir', '', 1, 0, 0),
('27-12-7G-2018 / 2019 - Genap', '20', 'Hadir', '', 1, 0, 0),
('27-12-7G-2018 / 2019 - Genap', '21', 'Hadir', '', 1, 0, 0),
('27-12-7G-2018 / 2019 - Genap', '22', 'Hadir', '', 1, 0, 0),
('27-12-7G-2018 / 2019 - Genap', '24', 'Hadir', '', 1, 0, 0),
('28-11-7A-2018 / 2019 - Genap', '13', 'Hadir', '', 1, 0, 0),
('28-11-7A-2018 / 2019 - Genap', '19', 'Hadir', '', 1, 0, 0),
('28-11-7A-2018 / 2019 - Genap', '30', 'Hadir', '', 1, 0, 0),
('29-12-7G-2018 / 2019 - Genap', '10', 'Hadir', '', 1, 0, 0),
('29-12-7G-2018 / 2019 - Genap', '13', 'Hadir', '', 1, 0, 0),
('29-12-7G-2018 / 2019 - Genap', '14', 'Hadir', '', 1, 0, 0),
('29-12-7G-2018 / 2019 - Genap', '16', 'Hadir', '', 1, 0, 0),
('29-12-7G-2018 / 2019 - Genap', '17', 'Hadir', '', 1, 0, 0),
('29-12-7G-2018 / 2019 - Genap', '19', 'Hadir', '', 1, 0, 0),
('29-12-7G-2018 / 2019 - Genap', '20', 'Hadir', '', 1, 0, 0),
('29-12-7G-2018 / 2019 - Genap', '21', 'Hadir', '', 1, 0, 0),
('29-12-7G-2018 / 2019 - Genap', '22', 'Hadir', '', 1, 0, 0),
('29-12-7G-2018 / 2019 - Genap', '24', 'Hadir', '', 1, 0, 0),
('3-6-7a-2212-Gasal', '1', 'Hadir', '', 1, 0, 0),
('3-6-7a-2212-Gasal', '2', 'Hadir', '', 1, 0, 0),
('3-6-7a-2212-Gasal', '4', 'Hadir', '', 1, 0, 0),
('3-6-7a-2212-Gasal', '5', 'Hadir', '', 1, 0, 0),
('30-12-7G-2018 / 2019 - Genap', '11', 'Hadir', '', 1, 0, 0),
('30-12-7G-2018 / 2019 - Genap', '12', 'Hadir', '', 1, 0, 0),
('30-12-7G-2018 / 2019 - Genap', '13', 'Hadir', '', 1, 0, 0),
('30-12-7G-2018 / 2019 - Genap', '15', 'Hadir', '', 1, 0, 0),
('30-12-7G-2018 / 2019 - Genap', '16', 'Hadir', '', 1, 0, 0),
('30-12-7G-2018 / 2019 - Genap', '18', 'Hadir', '', 1, 0, 0),
('30-12-7G-2018 / 2019 - Genap', '20', 'Hadir', '', 1, 0, 0),
('30-12-7G-2018 / 2019 - Genap', '22', 'Hadir', '', 1, 0, 0),
('30-12-7G-2018 / 2019 - Genap', '24', 'Hadir', '', 1, 0, 0),
('31-12-7G-2018 / 2019 - Genap', '11', 'Hadir', '', 1, 0, 0),
('31-12-7G-2018 / 2019 - Genap', '12', 'Hadir', '', 1, 0, 0),
('31-12-7G-2018 / 2019 - Genap', '15', 'Hadir', '', 1, 0, 0),
('31-12-7G-2018 / 2019 - Genap', '16', 'Hadir', '', 1, 0, 0),
('31-12-7G-2018 / 2019 - Genap', '17', 'Hadir', '', 1, 0, 0),
('31-12-7G-2018 / 2019 - Genap', '19', 'Hadir', '', 1, 0, 0),
('31-12-7G-2018 / 2019 - Genap', '20', 'Hadir', '', 1, 0, 0),
('31-12-7G-2018 / 2019 - Genap', '23', 'Hadir', '', 1, 0, 0),
('32-11-7A-2018 / 2019 - Genap', '13', 'Hadir', '', 1, 0, 0),
('32-11-7A-2018 / 2019 - Genap', '19', 'Hadir', '', 1, 0, 0),
('32-11-7A-2018 / 2019 - Genap', '30', 'Hadir', '', 1, 0, 0),
('33-12-7G-2018 / 2019 - Genap', '11', 'Hadir', '', 1, 0, 0),
('33-12-7G-2018 / 2019 - Genap', '12', 'Hadir', '', 1, 0, 0),
('33-12-7G-2018 / 2019 - Genap', '13', 'Hadir', '', 1, 0, 0),
('33-12-7G-2018 / 2019 - Genap', '14', 'Hadir', '', 1, 0, 0),
('33-12-7G-2018 / 2019 - Genap', '15', 'Hadir', '', 1, 0, 0),
('33-12-7G-2018 / 2019 - Genap', '18', 'Hadir', '', 1, 0, 0),
('33-12-7G-2018 / 2019 - Genap', '20', 'Hadir', '', 1, 0, 0),
('33-12-7G-2018 / 2019 - Genap', '22', 'Hadir', '', 1, 0, 0),
('33-12-7G-2018 / 2019 - Genap', '23', 'Hadir', '', 1, 0, 0),
('33-12-7G-2018 / 2019 - Genap', '24', 'Hadir', '', 1, 0, 0),
('34-12-7G-2018 / 2019 - Genap', '11', 'Alfa', '', 0, 0, 1),
('34-12-7G-2018 / 2019 - Genap', '12', 'Hadir', '', 1, 0, 0),
('34-12-7G-2018 / 2019 - Genap', '14', 'Hadir', '', 1, 0, 0),
('34-12-7G-2018 / 2019 - Genap', '16', 'Hadir', '', 1, 0, 0),
('34-12-7G-2018 / 2019 - Genap', '17', 'Hadir', '', 1, 0, 0),
('34-12-7G-2018 / 2019 - Genap', '19', 'Hadir', '', 1, 0, 0),
('34-12-7G-2018 / 2019 - Genap', '22', 'Hadir', '', 1, 0, 0),
('34-12-7G-2018 / 2019 - Genap', '23', 'Hadir', '', 1, 0, 0),
('35-12-7G-2018 / 2019 - Genap', '11', 'Hadir', '', 1, 0, 0),
('35-12-7G-2018 / 2019 - Genap', '12', 'Hadir', '', 1, 0, 0),
('35-12-7G-2018 / 2019 - Genap', '14', 'Hadir', '', 1, 0, 0),
('35-12-7G-2018 / 2019 - Genap', '16', 'Hadir', '', 1, 0, 0),
('35-12-7G-2018 / 2019 - Genap', '18', 'Hadir', '', 1, 0, 0),
('35-12-7G-2018 / 2019 - Genap', '19', 'Hadir', '', 1, 0, 0),
('35-12-7G-2018 / 2019 - Genap', '23', 'Hadir', '', 1, 0, 0),
('35-12-7G-2018 / 2019 - Genap', '24', 'Hadir', '', 1, 0, 0),
('36-12-7G-2018 / 2019 - Genap', '10', 'Hadir', '', 1, 0, 0),
('36-12-7G-2018 / 2019 - Genap', '12', 'Hadir', '', 1, 0, 0),
('36-12-7G-2018 / 2019 - Genap', '15', 'Hadir', '', 1, 0, 0),
('36-12-7G-2018 / 2019 - Genap', '16', 'Hadir', '', 1, 0, 0),
('36-12-7G-2018 / 2019 - Genap', '18', 'Hadir', '', 1, 0, 0),
('36-12-7G-2018 / 2019 - Genap', '21', 'Hadir', '', 1, 0, 0),
('36-12-7G-2018 / 2019 - Genap', '23', 'Hadir', '', 1, 0, 0),
('36-12-7G-2018 / 2019 - Genap', '24', 'Hadir', '', 1, 0, 0),
('37-12-7G-2018 / 2019 - Genap', '10', 'Hadir', '', 1, 0, 0),
('37-12-7G-2018 / 2019 - Genap', '13', 'Hadir', '', 1, 0, 0),
('37-12-7G-2018 / 2019 - Genap', '14', 'Hadir', '', 1, 0, 0),
('37-12-7G-2018 / 2019 - Genap', '15', 'Hadir', '', 1, 0, 0),
('37-12-7G-2018 / 2019 - Genap', '16', 'Hadir', '', 1, 0, 0),
('37-12-7G-2018 / 2019 - Genap', '17', 'Hadir', '', 1, 0, 0),
('37-12-7G-2018 / 2019 - Genap', '19', 'Hadir', '', 1, 0, 0),
('37-12-7G-2018 / 2019 - Genap', '21', 'Hadir', '', 1, 0, 0),
('37-12-7G-2018 / 2019 - Genap', '23', 'Alfa', '', 0, 0, 1),
('37-12-7G-2018 / 2019 - Genap', '24', 'Alfa', '', 0, 0, 1),
('38-12-7G-2018 / 2019 - Genap', '11', 'Hadir', '', 1, 0, 0),
('38-12-7G-2018 / 2019 - Genap', '13', 'Alfa', '', 0, 0, 1),
('38-12-7G-2018 / 2019 - Genap', '14', 'Alfa', '', 0, 0, 1),
('38-12-7G-2018 / 2019 - Genap', '16', 'Hadir', '', 1, 0, 0),
('38-12-7G-2018 / 2019 - Genap', '20', 'Hadir', '', 1, 0, 0),
('38-12-7G-2018 / 2019 - Genap', '22', 'Hadir', '', 1, 0, 0),
('38-12-7G-2018 / 2019 - Genap', '23', 'Hadir', '', 1, 0, 0),
('38-12-7G-2018 / 2019 - Genap', '24', 'Hadir', '', 1, 0, 0),
('39-12-7G-2018 / 2019 - Genap', '10', 'Hadir', '', 1, 0, 0),
('39-12-7G-2018 / 2019 - Genap', '11', 'Hadir', '', 1, 0, 0),
('39-12-7G-2018 / 2019 - Genap', '13', 'Hadir', '', 1, 0, 0),
('39-12-7G-2018 / 2019 - Genap', '15', 'Hadir', '', 1, 0, 0),
('39-12-7G-2018 / 2019 - Genap', '17', 'Hadir', '', 1, 0, 0),
('39-12-7G-2018 / 2019 - Genap', '20', 'Hadir', '', 1, 0, 0),
('39-12-7G-2018 / 2019 - Genap', '23', 'Hadir', '', 1, 0, 0),
('4-1-7a-2212-Gasal', '1', 'Hadir', '', 1, 0, 0),
('40-11-7A-2018 / 2019 - Genap', '13', 'Hadir', '', 1, 0, 0),
('40-11-7A-2018 / 2019 - Genap', '30', 'Hadir', '', 1, 0, 0),
('44-11-7A-2018 / 2019 - Genap', '13', 'Hadir', '', 1, 0, 0),
('44-11-7A-2018 / 2019 - Genap', '19', 'Hadir', '', 1, 0, 0),
('44-11-7A-2018 / 2019 - Genap', '30', 'Alfa', '', 0, 0, 1),
('45-11-7A-2018 / 2019 - Genap', '13', 'Hadir', '', 1, 0, 0),
('45-11-7A-2018 / 2019 - Genap', '19', 'Hadir', '', 1, 0, 0),
('45-11-7A-2018 / 2019 - Genap', '30', 'Hadir', '', 1, 0, 0),
('46-11-7A-2018 / 2019 - Genap', '13', 'Hadir', '', 1, 0, 0),
('46-11-7A-2018 / 2019 - Genap', '19', 'Hadir', '', 1, 0, 0),
('47-11-7A-2018 / 2019 - Genap', '13', 'Hadir', '', 1, 0, 0),
('48-11-7A-2018 / 2019 - Genap', '13', 'Hadir', '', 1, 0, 0),
('48-11-7A-2018 / 2019 - Genap', '19', 'Hadir', '', 1, 0, 0),
('48-11-7A-2018 / 2019 - Genap', '30', 'Hadir', '', 1, 0, 0),
('49-11-7A-2018 / 2019 - Genap', '13', 'Hadir', '', 1, 0, 0),
('49-11-7A-2018 / 2019 - Genap', '19', 'Hadir', '', 1, 0, 0),
('49-11-7A-2018 / 2019 - Genap', '30', 'Hadir', '', 1, 0, 0),
('5-6-7a-2212-Gasal', '1', 'Hadir', '', 1, 0, 0),
('5-6-7a-2212-Gasal', '2', 'Hadir', '', 1, 0, 0),
('5-6-7a-2212-Gasal', '4', 'Hadir', '', 1, 0, 0),
('5-6-7a-2212-Gasal', '5', 'Hadir', '', 1, 0, 0),
('50-11-7A-2018 / 2019 - Genap', '13', 'Hadir', '', 1, 0, 0),
('50-11-7A-2018 / 2019 - Genap', '19', 'Hadir', '', 1, 0, 0),
('50-11-7A-2018 / 2019 - Genap', '30', 'Hadir', '', 1, 0, 0),
('6-1-7a-2212-Gasal', '1', 'Hadir', '', 1, 0, 0),
('7-3-7a-2212-Gasal', '1', 'Hadir', '', 1, 0, 0),
('8-11-7A-2018 / 2019 - Genap', '13', 'Hadir', '', 1, 0, 0),
('8-11-7A-2018 / 2019 - Genap', '19', 'Hadir', '', 1, 0, 0),
('8-11-7A-2018 / 2019 - Genap', '30', 'Hadir', '', 1, 0, 0);

-- --------------------------------------------------------

--
-- Struktur dari tabel `detail_jabatan`
--

CREATE TABLE IF NOT EXISTS `detail_jabatan` (
  `ID_MENJABAT` varchar(20) NOT NULL,
  `ID_PEGAWAI` varchar(100) NOT NULL,
  `ID_JABATAN` varchar(20) NOT NULL,
  `AWAL_BAKTI` date DEFAULT NULL,
  `AKHIR_BAKTI` date DEFAULT NULL,
  `STATUS` decimal(8,0) DEFAULT NULL
) ENGINE=InnoDB DEFAULT CHARSET=latin1;

--
-- Dumping data untuk tabel `detail_jabatan`
--

INSERT INTO `detail_jabatan` (`ID_MENJABAT`, `ID_PEGAWAI`, `ID_JABATAN`, `AWAL_BAKTI`, `AKHIR_BAKTI`, `STATUS`) VALUES
('1', '1', '1', '2019-04-11', '2019-05-31', '0'),
('2', '10', '2', '2019-04-11', '2019-06-09', '1'),
('3', '11', '3', '2019-04-11', '2019-06-30', '1'),
('4', '24', '2', '2019-05-08', '2019-05-31', '0'),
('5', '24', '2', '2019-05-08', '2019-05-31', '1'),
('6', '10', '3', '2019-05-15', '2019-05-15', '2'),
('7', '1', '1', '2019-05-16', '2019-05-31', '2'),
('8', '1', '1', '2019-05-16', '2019-05-31', '1');

-- --------------------------------------------------------

--
-- Struktur dari tabel `dkelas`
--

CREATE TABLE IF NOT EXISTS `dkelas` (
  `ID_SISWA` varchar(100) NOT NULL,
  `ID_KELAS` varchar(100) NOT NULL,
  `STATUS` int(11) NOT NULL DEFAULT '1'
) ENGINE=InnoDB DEFAULT CHARSET=latin1;

--
-- Dumping data untuk tabel `dkelas`
--

INSERT INTO `dkelas` (`ID_SISWA`, `ID_KELAS`, `STATUS`) VALUES
('1', '1-7a-2212-Gasal', 1),
('1', '10-7a-2019 / 2020 - Gasal', 1),
('1', '2-7a-2019-Gasal', 1),
('1', '3-7a-2212-Gasal', 1),
('1', '4-7a-2212-Gasal', 1),
('1', '5-7a-2212-Gasal', 1),
('1', '6-7a-2212-Gasal', 1),
('1', '9-7a-2212-Gasal', 1),
('10', '12-7G-2018 / 2019 - Genap', 1),
('10', '13-9Q-2018 / 2019 - Genap', 1),
('10', '17-9H-2018 / 2019 - Genap', 1),
('10', '20-9Q-2001 / 2002 - Gasal', 1),
('10', '25-8O-2010 / 2010 - Gasal', 1),
('11', '12-7G-2018 / 2019 - Genap', 1),
('12', '12-7G-2018 / 2019 - Genap', 1),
('13', '11-7A-2018 / 2019 - Genap', 2),
('13', '12-7G-2018 / 2019 - Genap', 1),
('13', '19-8M-2018 / 2019 - Genap', 1),
('13', '30-8E-2018 / 2019 - Genap', 1),
('14', '12-7G-2018 / 2019 - Genap', 1),
('14', '24-8F-2008 / 2009 - Gasal', 1),
('15', '12-7G-2018 / 2019 - Genap', 1),
('15', '23-7M-2000 / 2001 - Genap', 1),
('15', '28-9O-2018 / 2019 - Genap', 1),
('16', '12-7G-2018 / 2019 - Genap', 1),
('16', '22-7A-2018 / 2019 - Genap', 1),
('17', '12-7G-2018 / 2019 - Genap', 1),
('17', '28-9O-2018 / 2019 - Genap', 1),
('17', '29-9O-2018 / 2019 - Genap', 1),
('18', '12-7G-2018 / 2019 - Genap', 1),
('19', '11-7A-2018 / 2019 - Genap', 2),
('19', '12-7G-2018 / 2019 - Genap', 1),
('19', '29-9O-2018 / 2019 - Genap', 1),
('2', '10-7a-2019 / 2020 - Gasal', 1),
('2', '2-7a-2019-Gasal', 1),
('2', '4-7a-2212-Gasal', 1),
('2', '5-7a-2212-Gasal', 1),
('2', '6-7a-2212-Gasal', 1),
('2', '7-7a-2019-Gasal', 1),
('2', '8-8cd-2019-Gasal', 1),
('2', '9-7a-2212-Gasal', 1),
('20', '12-7G-2018 / 2019 - Genap', 1),
('21', '12-7G-2018 / 2019 - Genap', 1),
('22', '12-7G-2018 / 2019 - Genap', 1),
('23', '12-7G-2018 / 2019 - Genap', 1),
('23', '23-7M-2000 / 2001 - Genap', 1),
('23', '26-8D-2018 / 2019 - Genap', 1),
('23', '27-7J-2018 / 2019 - Genap', 1),
('23', '28-9O-2018 / 2019 - Genap', 1),
('23', '29-9O-2018 / 2019 - Genap', 1),
('24', '12-7G-2018 / 2019 - Genap', 1),
('24', '28-9O-2018 / 2019 - Genap', 1),
('24', '29-9O-2018 / 2019 - Genap', 1),
('25', '29-9O-2018 / 2019 - Genap', 1),
('26', '13-9Q-2018 / 2019 - Genap', 1),
('26', '19-8M-2018 / 2019 - Genap', 1),
('26', '24-8F-2008 / 2009 - Gasal', 1),
('27', '14-9P-2018 / 2019 - Genap', 1),
('27', '16-9A-2018 / 2019 - Genap', 1),
('27', '20-9Q-2001 / 2002 - Gasal', 1),
('27', '22-7A-2018 / 2019 - Genap', 1),
('27', '25-8O-2010 / 2010 - Gasal', 1),
('27', '29-9O-2018 / 2019 - Genap', 1),
('28', '27-7J-2018 / 2019 - Genap', 1),
('29', '26-8D-2018 / 2019 - Genap', 1),
('29', '28-9O-2018 / 2019 - Genap', 0),
('30', '11-7A-2018 / 2019 - Genap', 0),
('30', '26-8D-2018 / 2019 - Genap', 0),
('31', '23-7M-2000 / 2001 - Genap', 0),
('32', '19-8M-2018 / 2019 - Genap', 0),
('32', '20-9Q-2001 / 2002 - Gasal', 0),
('32', '24-8F-2008 / 2009 - Gasal', 0),
('33', '27-7J-2018 / 2019 - Genap', 0),
('34', '18-9D-2018 / 2019 - Genap', 0),
('34', '21-8I-2017 / 2018 - Genap', 0),
('35', '28-9O-2018 / 2019 - Genap', 0),
('36', '19-8M-2018 / 2019 - Genap', 0),
('36', '21-8I-2017 / 2018 - Genap', 0),
('37', '25-8O-2010 / 2010 - Gasal', 0),
('39', '24-8F-2008 / 2009 - Gasal', 0),
('4', '10-7a-2019 / 2020 - Gasal', 0),
('4', '6-7a-2212-Gasal', 0),
('41', '13-9Q-2018 / 2019 - Genap', 0),
('41', '17-9H-2018 / 2019 - Genap', 0),
('41', '20-9Q-2001 / 2002 - Gasal', 0),
('42', '16-9A-2018 / 2019 - Genap', 0),
('42', '26-8D-2018 / 2019 - Genap', 0),
('43', '19-8M-2018 / 2019 - Genap', 0),
('43', '20-9Q-2001 / 2002 - Gasal', 0),
('43', '21-8I-2017 / 2018 - Genap', 0),
('44', '23-7M-2000 / 2001 - Genap', 0),
('44', '27-7J-2018 / 2019 - Genap', 0),
('44', '28-9O-2018 / 2019 - Genap', 0),
('45', '26-8D-2018 / 2019 - Genap', 0),
('48', '13-9Q-2018 / 2019 - Genap', 0),
('48', '19-8M-2018 / 2019 - Genap', 0),
('49', '19-8M-2018 / 2019 - Genap', 0),
('49', '22-7A-2018 / 2019 - Genap', 0),
('49', '25-8O-2010 / 2010 - Gasal', 0),
('49', '26-8D-2018 / 2019 - Genap', 0),
('5', '10-7a-2019 / 2020 - Gasal', 0),
('5', '6-7a-2212-Gasal', 0),
('51', '30-8E-2018 / 2019 - Genap', 1),
('53', '32-8J-2018 / 2019 - Genap', 1),
('54', '31-7K-2018 / 2019 - Genap', 1),
('7', '15-9E-2018 / 2019 - Genap', 0),
('7', '17-9H-2018 / 2019 - Genap', 0),
('7', '18-9D-2018 / 2019 - Genap', 0),
('7', '21-8I-2017 / 2018 - Genap', 0),
('7', '24-8F-2008 / 2009 - Gasal', 0),
('7', '25-8O-2010 / 2010 - Gasal', 0),
('7', '26-8D-2018 / 2019 - Genap', 0);

-- --------------------------------------------------------

--
-- Struktur dari tabel `dperizinan_pegawai`
--

CREATE TABLE IF NOT EXISTS `dperizinan_pegawai` (
  `ID` varchar(100) NOT NULL,
  `ID_PEGAWAI` varchar(100) NOT NULL,
  `ID_IZIN` varchar(100) NOT NULL,
  `JENIS_IZIN` varchar(20) DEFAULT NULL,
  `BERLAKUTGL` date NOT NULL,
  `SAMPAITGL` date NOT NULL,
  `TGL_IZIN` date DEFAULT NULL,
  `TGL_DISETUJUI` date DEFAULT NULL,
  `KETERANGAN` varchar(250) DEFAULT NULL,
  `STATUS` decimal(8,0) DEFAULT NULL,
  `DINAS` int(11) NOT NULL DEFAULT '0',
  `SAKIT` int(11) NOT NULL DEFAULT '0',
  `LAINNYA` int(11) NOT NULL DEFAULT '0',
  `DIIZINKAN` int(11) NOT NULL DEFAULT '0',
  `DITOLAK` int(11) NOT NULL DEFAULT '0',
  `PERSETUJUAN` varchar(250) NOT NULL,
  `KONFIRMASI` varchar(20) NOT NULL,
  `BACA` int(11) NOT NULL
) ENGINE=InnoDB DEFAULT CHARSET=latin1;

--
-- Dumping data untuk tabel `dperizinan_pegawai`
--

INSERT INTO `dperizinan_pegawai` (`ID`, `ID_PEGAWAI`, `ID_IZIN`, `JENIS_IZIN`, `BERLAKUTGL`, `SAMPAITGL`, `TGL_IZIN`, `TGL_DISETUJUI`, `KETERANGAN`, `STATUS`, `DINAS`, `SAKIT`, `LAINNYA`, `DIIZINKAN`, `DITOLAK`, `PERSETUJUAN`, `KONFIRMASI`, `BACA`) VALUES
('1-2212-Gasal-1234', '1', '5-2212-Gasal', 'Dinas', '2019-04-10', '2019-04-10', '2019-04-10', '2019-04-10', '', '2', 1, 0, 0, 1, 0, '', 'Diterima', 1),
('10-2018 / 2019 - Genap-19010', '10', '2-2018 / 2019 - Genap', 'Lainnya', '2019-06-12', '2019-06-13', '2019-05-15', '2019-05-15', 'Urusan Keluarga (Mengantar Anak Periksa)', '2', 0, 0, 1, 1, 0, '', 'Diterima', 0),
('11-2018 / 2019 - Genap-1234', '1', '2-2018 / 2019 - Genap', 'Dinas', '2019-05-29', '2019-05-30', '2019-05-15', '2019-05-15', '', '2', 1, 0, 0, 0, 1, '', 'Ditolak', 0),
('12-2018 / 2019 - Genap-1234', '1', '2-2018 / 2019 - Genap', 'Sakit', '2019-06-12', '2019-06-14', '2019-05-15', '2019-05-15', '', '2', 0, 1, 0, 0, 1, '', 'Ditolak', 0),
('13-2018 / 2019 - Genap-1234', '1', '2-2018 / 2019 - Genap', 'Dinas', '2019-05-17', '2019-05-18', '2019-05-15', '2019-05-15', 'Dispendik', '2', 1, 0, 0, 1, 0, '', 'Diterima', 0),
('14-2018 / 2019 - Genap-1234', '1', '2-2018 / 2019 - Genap', 'Dinas', '2019-05-30', '2019-05-31', '2019-05-15', '2019-05-15', 'Kekantor UPTD Pengurusan Pajak', '2', 1, 0, 0, 1, 0, '', 'Diterima', 0),
('15-2018 / 2019 - Genap-19010', '10', '2-2018 / 2019 - Genap', 'Dinas', '2019-07-01', '2019-07-03', '2019-05-15', '2019-05-15', 'Ke Kantor Pajak', '2', 1, 0, 0, 1, 0, '', 'Diterima', 0),
('16-2018 / 2019 - Genap-19010', '10', '2-2018 / 2019 - Genap', 'Dinas', '2019-03-06', '2019-05-09', '2019-05-15', '2019-05-15', 'Kekantor Agama', '2', 1, 0, 0, 1, 0, '', 'Diterima', 0),
('17-2018 / 2019 - Genap-19010', '10', '2-2018 / 2019 - Genap', 'Dinas', '2019-05-02', '2019-05-03', '2019-05-15', '2019-05-15', 'Pengurusan Berkas-Berkas Ujian', '2', 1, 0, 0, 1, 0, '', 'Diterima', 0),
('18-2018 / 2019 - Genap-19010', '10', '2-2018 / 2019 - Genap', 'Sakit', '2019-02-13', '2019-02-15', '2019-05-15', '2019-05-15', '', '2', 0, 1, 0, 0, 1, '', 'Ditolak', 0),
('19-2018 / 2019 - Genap-19010', '10', '2-2018 / 2019 - Genap', 'Lainnya', '2018-06-13', '2013-06-18', '2019-05-15', '2019-05-15', 'Cuti Tidak Masuk', '2', 0, 0, 1, 1, 0, '', 'Diterima', 0),
('2-2212-Gasal-1234', '1', '5-2212-Gasal', 'Sakit', '2019-04-10', '2019-04-10', '2019-04-10', '2019-04-10', '', '2', 0, 1, 0, 0, 1, '', 'Ditolak', 1),
('20-2018 / 2019 - Genap-19010', '10', '2-2018 / 2019 - Genap', 'Dinas', '2018-11-15', '2015-11-19', '2019-05-15', '2019-05-15', 'Cuti Keperluan Keluarga', '2', 1, 0, 0, 1, 0, '', 'Diterima', 0),
('21-2018 / 2019 - Genap-1234', '1', '2-2018 / 2019 - Genap', 'Dinas', '2019-05-07', '2019-05-08', '2019-05-15', '2019-05-15', '', '2', 1, 0, 0, 0, 1, '', 'Ditolak', 0),
('22-2018 / 2019 - Genap-1234', '1', '2-2018 / 2019 - Genap', 'Dinas', '2019-05-21', '2019-05-23', '2019-05-15', '2019-05-15', '', '2', 1, 0, 0, 0, 1, '', 'Ditolak', 0),
('23-2018 / 2019 - Genap-1234', '1', '2-2018 / 2019 - Genap', 'Dinas', '2019-11-13', '2019-11-15', '2019-05-15', '2019-05-15', '', '2', 1, 0, 0, 0, 1, '', 'Ditolak', 0),
('24-2018 / 2019 - Genap-1234', '1', '2-2018 / 2019 - Genap', 'Lainnya', '2019-05-24', '2019-05-25', '2019-05-15', '2019-05-15', 'Keperluan Keluarga', '2', 0, 0, 1, 1, 0, '', 'Diterima', 0),
('25-2018 / 2019 - Genap-1234', '1', '2-2018 / 2019 - Genap', 'Dinas', '2019-12-28', '2020-01-01', '2019-05-15', '2019-05-15', 'Cuti Tahun Baru ', '2', 1, 0, 0, 1, 0, '', 'Diterima', 0),
('26-2018 / 2019 - Genap-19010', '10', '2-2018 / 2019 - Genap', 'Dinas', '2019-07-18', '2019-07-20', '2019-05-15', '2019-05-15', 'Pengurusan NISN Siswa', '2', 1, 0, 0, 1, 0, '', 'Diterima', 0),
('27-2018 / 2019 - Genap-19010', '10', '2-2018 / 2019 - Genap', 'Lainnya', '2019-08-16', '2019-05-18', '2019-05-15', '2019-05-15', 'Cuti Keperluan Keluarga', '2', 0, 0, 1, 1, 0, '', 'Diterima', 0),
('28-2018 / 2019 - Genap-19010', '10', '2-2018 / 2019 - Genap', 'Dinas', '2019-12-31', '2020-02-03', '2019-05-15', '2019-05-15', 'Cuti Tahun Baru ', '2', 1, 0, 0, 1, 0, '', 'Diterima', 0),
('29-2018 / 2019 - Genap-19010', '10', '2-2018 / 2019 - Genap', 'Dinas', '2020-01-16', '2020-01-18', '2019-05-15', '2019-05-15', 'Kekantor Dinas Pendidikan Jakarta', '2', 1, 0, 0, 1, 0, '', 'Diterima', 0),
('3-2212-Gasal-1234', '1', '5-2212-Gasal', 'Lainnya', '2019-04-10', '2019-04-10', '2019-04-10', '2019-04-10', '', '2', 0, 0, 1, 1, 0, '', 'Diterima', 1),
('30-2018 / 2019 - Genap-19010', '10', '2-2018 / 2019 - Genap', 'Dinas', '2019-11-20', '2018-11-16', '2019-05-15', '2019-05-15', 'Pelatihan Guru dan Pemberian Bekal', '2', 1, 0, 0, 1, 0, '', 'Diterima', 0),
('31-2018 / 2019 - Genap-1234', '1', '2-2018 / 2019 - Genap', 'Sakit', '2019-05-15', '2019-05-15', '2019-05-15', '2019-05-15', '', '2', 0, 1, 0, 0, 1, '', 'Ditolak', 0),
('32-2018 / 2019 - Genap-1234', '1', '2-2018 / 2019 - Genap', 'Lainnya', '2019-05-15', '2019-05-16', '2019-05-15', '2019-05-15', '', '2', 0, 0, 1, 0, 1, '', 'Ditolak', 0),
('33-2018 / 2019 - Genap-1234', '1', '2-2018 / 2019 - Genap', 'Dinas', '2019-05-15', '2019-05-17', '2019-05-15', '2019-05-15', '', '2', 1, 0, 0, 0, 1, '', 'Ditolak', 0),
('34-2018 / 2019 - Genap-1234', '1', '2-2018 / 2019 - Genap', 'Dinas', '2019-05-15', '2019-05-18', '2019-05-15', '2019-05-15', '', '2', 1, 0, 0, 0, 1, '', 'Ditolak', 0),
('35-2018 / 2019 - Genap-1234', '1', '2-2018 / 2019 - Genap', 'Dinas', '2019-05-15', '2019-05-19', '2019-05-15', '2019-05-15', '', '2', 1, 0, 0, 0, 1, '', 'Ditolak', 0),
('36-2018 / 2019 - Genap-1234', '1', '2-2018 / 2019 - Genap', 'Dinas', '2019-05-15', '2019-05-20', '2019-05-15', '2019-05-15', '', '2', 1, 0, 0, 0, 1, '', 'Ditolak', 0),
('37-2018 / 2019 - Genap-1234', '1', '2-2018 / 2019 - Genap', 'Sakit', '2019-05-15', '2019-05-16', '2019-05-15', '2019-05-15', 'muntaber parah', '2', 0, 1, 0, 1, 0, '', 'Diterima', 0),
('38-2018 / 2019 - Genap-1234', '1', '2-2018 / 2019 - Genap', 'Dinas', '2019-05-15', '2019-05-15', '2019-05-15', '2019-05-15', '', '2', 1, 0, 0, 0, 1, '', 'Ditolak', 0),
('39-2018 / 2019 - Genap-1234', '1', '2-2018 / 2019 - Genap', 'Sakit', '2019-05-15', '2019-05-15', '2019-05-15', '2019-05-15', '', '2', 0, 1, 0, 0, 1, '', 'Ditolak', 0),
('4-2212-Gasal-1234', '1', '5-2212-Gasal', 'Dinas', '2019-04-10', '2019-04-10', '2019-04-10', '2019-04-10', 'kjkjdkjksjdjk', '2', 1, 0, 0, 0, 1, '', 'Ditolak', 1),
('40-2018 / 2019 - Genap-1234', '1', '2-2018 / 2019 - Genap', 'Dinas', '2019-05-15', '2019-06-01', '2019-05-15', '2019-05-15', '', '2', 1, 0, 0, 0, 1, '', 'Ditolak', 0),
('41-2018 / 2019 - Genap-1234', '1', '2-2018 / 2019 - Genap', 'Lainnya', '2019-05-15', '2019-06-08', '2019-05-15', '2019-05-15', '', '2', 0, 0, 1, 0, 1, '', 'Ditolak', 0),
('42-2018 / 2019 - Genap-1234', '1', '2-2018 / 2019 - Genap', 'Lainnya', '2019-05-15', '2019-05-17', '2019-05-15', '2019-05-15', '', '2', 0, 0, 1, 0, 1, '', 'Ditolak', 0),
('43-2018 / 2019 - Genap-1234', '1', '2-2018 / 2019 - Genap', 'Dinas', '2019-05-15', '2019-06-09', '2019-05-15', '2019-05-15', '', '2', 1, 0, 0, 0, 1, '', 'Ditolak', 0),
('44-2018 / 2019 - Genap-1234', '1', '2-2018 / 2019 - Genap', 'Sakit', '2019-05-15', '2019-05-31', '2019-05-15', '2019-05-15', '', '2', 0, 1, 0, 0, 1, '', 'Ditolak', 0),
('45-2018 / 2019 - Genap-1234', '1', '2-2018 / 2019 - Genap', 'Dinas', '2019-05-15', '2019-05-25', '2019-05-15', '2019-05-15', '', '2', 1, 0, 0, 0, 1, '', 'Ditolak', 0),
('46-2018 / 2019 - Genap-1234', '1', '2-2018 / 2019 - Genap', 'Dinas', '2019-05-15', '2019-05-30', '2019-05-15', '2019-05-15', '', '2', 1, 0, 0, 0, 1, '', 'Ditolak', 0),
('47-2018 / 2019 - Genap-1234', '1', '2-2018 / 2019 - Genap', 'Dinas', '2019-05-15', '2019-05-16', '2019-05-15', '2019-05-16', 'ke surabaya untuk revisi laporan', '2', 1, 0, 0, 1, 0, '', 'Diterima', 0),
('48-2018 / 2019 - Genap-1234', '1', '2-2018 / 2019 - Genap', 'Lainnya', '2019-05-18', '2019-05-19', '2019-05-15', '2019-05-16', 'izin rekreasi bersama keluarga', '2', 0, 0, 1, 0, 1, '', 'Ditolak', 0),
('49-2018 / 2019 - Genap-1234', '1', '2-2018 / 2019 - Genap', 'Dinas', '2019-05-15', '2019-05-15', '2019-05-15', '2019-05-16', '', '2', 1, 0, 0, 1, 0, '', 'Diterima', 0),
('5-2212-Gasal-1234', '1', '5-2212-Gasal', 'Dinas', '2019-04-11', '2019-04-11', '2019-04-11', '2019-04-11', 'Studi banding ke kota Jakarta.', '2', 1, 0, 0, 1, 0, 'Segera laksanakan!', 'Diterima', 1),
('50-2018 / 2019 - Genap-1234', '1', '2-2018 / 2019 - Genap', 'Dinas', '2019-05-15', '2019-05-15', '2019-05-15', '2019-05-16', '', '2', 1, 0, 0, 0, 1, '', 'Ditolak', 0),
('51-2018 / 2019 - Genap-1234', '1', '2-2018 / 2019 - Genap', 'Dinas', '2019-05-16', '2019-05-16', '2019-05-16', '2019-05-16', 'ookk', '2', 1, 0, 0, 0, 1, '', 'Ditolak', 0),
('52-2018 / 2019 - Genap-1234', '1', '2-2018 / 2019 - Genap', 'Dinas', '2019-05-16', '2019-05-16', '2019-05-16', '2019-05-16', 'ksdjskjd', '2', 1, 0, 0, 1, 0, '', 'Diterima', 0),
('53-2018 / 2019 - Genap-1234', '1', '2-2018 / 2019 - Genap', 'Dinas', '2019-05-16', '2019-05-16', '2019-05-16', '2019-05-16', 'sddsd', '2', 1, 0, 0, 0, 1, '', 'Ditolak', 0),
('54-2018 / 2019 - Genap-1234', '1', '2-2018 / 2019 - Genap', 'Dinas', '2019-05-16', '2019-05-16', '2019-05-16', '2019-05-16', 'dsdsd', '2', 1, 0, 0, 0, 1, '', 'Ditolak', 0),
('6-2212-Gasal-1234', '1', '5-2212-Gasal', 'Sakit', '2019-05-08', '2019-05-10', '2019-05-08', '2019-05-08', 'sakit demam', '2', 0, 1, 0, 0, 1, '', 'Ditolak', 0),
('7-2018 / 2019 - Genap-19010', '10', '2-2018 / 2019 - Genap', 'Dinas', '2019-05-15', '2019-05-15', '2019-05-15', '2019-05-15', 'mm', '2', 1, 0, 0, 1, 0, '', 'Diterima', 0),
('8-2018 / 2019 - Genap-19010', '10', '2-2018 / 2019 - Genap', 'Sakit', '2019-05-16', '2019-05-18', '2019-05-15', '2019-05-15', '', '2', 0, 1, 0, 0, 1, '', 'Ditolak', 0),
('9-2018 / 2019 - Genap-19010', '10', '2-2018 / 2019 - Genap', 'Dinas', '2019-05-23', '2019-05-27', '2019-05-15', '2019-05-15', 'Pengurusan Dokumen Dispenduk', '2', 1, 0, 0, 1, 0, '', 'Diterima', 0);

-- --------------------------------------------------------

--
-- Struktur dari tabel `habsensi_pegawai`
--

CREATE TABLE IF NOT EXISTS `habsensi_pegawai` (
  `ID_APEGAWAI` varchar(100) NOT NULL,
  `TAHUN_AJARAN` varchar(50) NOT NULL,
  `ID_PEGAWAI` varchar(100) NOT NULL,
  `TGL` date DEFAULT NULL,
  `TOTAL_HADIR` decimal(8,0) DEFAULT NULL,
  `TOTAL_IZIN` decimal(8,0) DEFAULT NULL,
  `TOTAL_ALFA` decimal(8,0) DEFAULT NULL,
  `STATUS` decimal(8,0) DEFAULT NULL
) ENGINE=InnoDB DEFAULT CHARSET=latin1;

--
-- Dumping data untuk tabel `habsensi_pegawai`
--

INSERT INTO `habsensi_pegawai` (`ID_APEGAWAI`, `TAHUN_AJARAN`, `ID_PEGAWAI`, `TGL`, `TOTAL_HADIR`, `TOTAL_IZIN`, `TOTAL_ALFA`, `STATUS`) VALUES
('1-2212-Gasal', '2212-Gasal', '1', '2019-03-29', '1', '0', '0', '0'),
('10-2212-Gasal', '2212-Gasal', '1', '2019-04-12', '8', '0', '0', '0'),
('11-2018 / 2019 - Genap', '2018 / 2019 - Genap', '1', '2019-05-01', '2', '5', '0', '1'),
('12-2018 / 2019 - Genap', '2018 / 2019 - Genap', '1', '2019-05-02', '4', '0', '0', '1'),
('13-2018 / 2019 - Genap', '2018 / 2019 - Genap', '1', '2019-05-03', '3', '0', '0', '1'),
('14-2018 / 2019 - Genap', '2018 / 2019 - Genap', '1', '2019-05-04', '3', '0', '0', '1'),
('15-2018 / 2019 - Genap', '2018 / 2019 - Genap', '1', '2019-05-05', '4', '0', '4', '1'),
('16-2018 / 2019 - Genap', '2018 / 2019 - Genap', '1', '2019-05-06', '5', '0', '0', '1'),
('17-2018 / 2019 - Genap', '2018 / 2019 - Genap', '1', '2019-05-07', '16', '0', '0', '1'),
('18-2018 / 2019 - Genap', '2018 / 2019 - Genap', '1', '2019-05-09', '16', '0', '0', '1'),
('19-2018 / 2019 - Genap', '2018 / 2019 - Genap', '1', '2019-05-15', '3', '0', '0', '1'),
('2-2212-Gasal', '2212-Gasal', '1', '2019-04-05', '4', '0', '0', '0'),
('20-2018 / 2019 - Genap', '2018 / 2019 - Genap', '1', '2019-05-25', '1', '0', '0', '1'),
('21-2018 / 2019 - Genap', '2018 / 2019 - Genap', '1', '2019-05-31', '1', '1', '1', '1'),
('22-2018 / 2019 - Genap', '2018 / 2019 - Genap', '1', '2019-03-04', '4', '1', '0', '1'),
('23-2018 / 2019 - Genap', '2018 / 2019 - Genap', '1', '2019-01-11', '7', '2', '1', '1'),
('24-2018 / 2019 - Genap', '2018 / 2019 - Genap', '1', '2019-02-01', '10', '1', '1', '1'),
('25-2018 / 2019 - Genap', '2018 / 2019 - Genap', '1', '2019-02-02', '10', '0', '0', '1'),
('26-2018 / 2019 - Genap', '2018 / 2019 - Genap', '1', '2019-02-03', '8', '1', '0', '1'),
('27-2018 / 2019 - Genap', '2018 / 2019 - Genap', '1', '2019-05-13', '7', '0', '0', '1'),
('28-2018 / 2019 - Genap', '2018 / 2019 - Genap', '1', '2019-06-01', '9', '0', '0', '1'),
('29-2018 / 2019 - Genap', '2018 / 2019 - Genap', '1', '2019-06-04', '7', '0', '0', '1'),
('3-2212-Gasal', '2212-Gasal', '1', '2019-04-06', '1', '1', '2', '0'),
('30-2018 / 2019 - Genap', '2018 / 2019 - Genap', '1', '2019-06-05', '7', '0', '0', '1'),
('31-2018 / 2019 - Genap', '2018 / 2019 - Genap', '1', '2019-06-06', '8', '0', '0', '1'),
('32-2018 / 2019 - Genap', '2018 / 2019 - Genap', '1', '2019-06-07', '13', '0', '0', '1'),
('33-2018 / 2019 - Genap', '2018 / 2019 - Genap', '1', '2019-06-08', '11', '0', '0', '1'),
('34-2018 / 2019 - Genap', '2018 / 2019 - Genap', '1', '2019-06-10', '10', '0', '0', '1'),
('35-2018 / 2019 - Genap', '2018 / 2019 - Genap', '1', '2019-06-11', '10', '1', '0', '1'),
('36-2018 / 2019 - Genap', '2018 / 2019 - Genap', '1', '2019-06-12', '8', '0', '0', '1'),
('37-2018 / 2019 - Genap', '2018 / 2019 - Genap', '1', '2019-06-13', '13', '0', '3', '1'),
('38-2018 / 2019 - Genap', '2018 / 2019 - Genap', '1', '2019-06-14', '13', '0', '0', '1'),
('39-2018 / 2019 - Genap', '2018 / 2019 - Genap', '1', '2019-06-15', '12', '0', '0', '1'),
('4-2019-Gasal', '2019-Gasal', '1', '2019-04-05', '1', '0', '0', '0'),
('40-2018 / 2019 - Genap', '2018 / 2019 - Genap', '1', '2019-06-17', '9', '0', '0', '1'),
('41-2018 / 2019 - Genap', '2018 / 2019 - Genap', '1', '2019-06-18', '12', '0', '2', '1'),
('42-2018 / 2019 - Genap', '2018 / 2019 - Genap', '1', '2019-06-19', '13', '0', '2', '1'),
('43-2018 / 2019 - Genap', '2018 / 2019 - Genap', '1', '2019-07-26', '9', '3', '2', '1'),
('44-2018 / 2019 - Genap', '2018 / 2019 - Genap', '1', '2019-07-27', '10', '0', '2', '1'),
('45-2018 / 2019 - Genap', '2018 / 2019 - Genap', '1', '2019-07-23', '7', '3', '0', '1'),
('46-2018 / 2019 - Genap', '2018 / 2019 - Genap', '1', '2019-08-30', '8', '0', '0', '1'),
('47-2018 / 2019 - Genap', '2018 / 2019 - Genap', '1', '2019-09-02', '13', '3', '0', '1'),
('48-2018 / 2019 - Genap', '2018 / 2019 - Genap', '1', '2019-09-26', '9', '1', '1', '1'),
('49-2018 / 2019 - Genap', '2018 / 2019 - Genap', '1', '2019-08-14', '8', '1', '2', '1'),
('5-2019-Gasal', '2019-Gasal', '1', '2019-04-05', '4', '0', '0', '0'),
('50-2018 / 2019 - Genap', '2018 / 2019 - Genap', '1', '2019-08-23', '9', '2', '2', '1'),
('51-2018 / 2019 - Genap', '2018 / 2019 - Genap', '1', '2019-05-16', '1', '0', '0', '1'),
('52-2018 / 2019 - Genap', '2018 / 2019 - Genap', '1', '2019-10-01', '41', '0', '0', '1'),
('53-2018 / 2019 - Genap', '2018 / 2019 - Genap', '1', '2020-12-27', '41', '0', '0', '0'),
('54-2018 / 2019 - Genap', '2018 / 2019 - Genap', '1', '2020-12-27', '41', '0', '0', '0'),
('55-2018 / 2019 - Genap', '2018 / 2019 - Genap', '1', '2019-10-17', '41', '0', '0', '1'),
('6-2212-Gasal', '2212-Gasal', '1', '2019-04-09', '8', '0', '0', '0'),
('7-2212-Gasal', '2212-Gasal', '1', '2019-04-09', '8', '0', '0', '0'),
('8-2212-Gasal', '2212-Gasal', '1', '2019-04-09', '8', '0', '0', '0'),
('9-2212-Gasal', '2212-Gasal', '1', '2019-04-09', '8', '0', '0', '0');

-- --------------------------------------------------------

--
-- Struktur dari tabel `habsensi_siswa`
--

CREATE TABLE IF NOT EXISTS `habsensi_siswa` (
  `ID_ASISWA` varchar(100) NOT NULL,
  `ID_PEGAWAI` varchar(100) NOT NULL,
  `TAHUN_AJARAN` varchar(50) NOT NULL,
  `ID_KELAS` varchar(100) NOT NULL,
  `TGL` date DEFAULT NULL,
  `TOTAL_HADIR` decimal(8,0) DEFAULT NULL,
  `TOTAL_IZIN` decimal(8,0) DEFAULT NULL,
  `TOTAL_ALFA` decimal(8,0) DEFAULT NULL,
  `STATUS` decimal(8,0) DEFAULT NULL
) ENGINE=InnoDB DEFAULT CHARSET=latin1;

--
-- Dumping data untuk tabel `habsensi_siswa`
--

INSERT INTO `habsensi_siswa` (`ID_ASISWA`, `ID_PEGAWAI`, `TAHUN_AJARAN`, `ID_KELAS`, `TGL`, `TOTAL_HADIR`, `TOTAL_IZIN`, `TOTAL_ALFA`, `STATUS`) VALUES
('1-1-7a-2212-Gasal', '1', '2212-Gasal', '1-7a-2212-Gasal', '2019-03-29', '1', '0', '0', '0'),
('10-11-7A-2018 / 2019 - Genap', '1', '2018 / 2019 - Genap', '11-7A-2018 / 2019 - Genap', '2019-04-29', '3', '0', '0', '1'),
('11-11-7A-2018 / 2019 - Genap', '1', '2018 / 2019 - Genap', '11-7A-2018 / 2019 - Genap', '2019-04-08', '3', '0', '0', '1'),
('12-11-7A-2018 / 2019 - Genap', '1', '2018 / 2019 - Genap', '11-7A-2018 / 2019 - Genap', '2019-04-10', '3', '0', '0', '1'),
('13-11-7A-2018 / 2019 - Genap', '1', '2018 / 2019 - Genap', '11-7A-2018 / 2019 - Genap', '2019-04-20', '3', '0', '0', '1'),
('14-11-7A-2018 / 2019 - Genap', '1', '2018 / 2019 - Genap', '11-7A-2018 / 2019 - Genap', '2019-06-16', '3', '0', '0', '1'),
('15-11-7A-2018 / 2019 - Genap', '1', '2018 / 2019 - Genap', '11-7A-2018 / 2019 - Genap', '2019-05-16', '1', '0', '0', '1'),
('16-12-7G-2018 / 2019 - Genap', '1', '2018 / 2019 - Genap', '12-7G-2018 / 2019 - Genap', '2019-05-17', '15', '0', '0', '1'),
('17-11-7A-2018 / 2019 - Genap', '1', '2018 / 2019 - Genap', '11-7A-2018 / 2019 - Genap', '2019-05-17', '3', '0', '0', '1'),
('18-12-7G-2018 / 2019 - Genap', '1', '2018 / 2019 - Genap', '12-7G-2018 / 2019 - Genap', '2019-05-18', '4', '0', '0', '1'),
('19-11-7A-2018 / 2019 - Genap', '1', '2018 / 2019 - Genap', '11-7A-2018 / 2019 - Genap', '2019-05-19', '3', '0', '0', '1'),
('2-6-7a-2212-Gasal', '1', '2212-Gasal', '6-7a-2212-Gasal', '2019-04-05', '3', '0', '1', '0'),
('20-11-7A-2018 / 2019 - Genap', '1', '2018 / 2019 - Genap', '11-7A-2018 / 2019 - Genap', '2019-04-02', '3', '0', '0', '0'),
('21-12-7G-2018 / 2019 - Genap', '1', '2018 / 2019 - Genap', '12-7G-2018 / 2019 - Genap', '2019-04-02', '5', '0', '0', '1'),
('22-11-7A-2018 / 2019 - Genap', '1', '2018 / 2019 - Genap', '11-7A-2018 / 2019 - Genap', '2019-04-19', '2', '0', '0', '1'),
('23-12-7G-2018 / 2019 - Genap', '1', '2018 / 2019 - Genap', '12-7G-2018 / 2019 - Genap', '2019-04-11', '7', '4', '2', '1'),
('24-12-7G-2018 / 2019 - Genap', '1', '2018 / 2019 - Genap', '12-7G-2018 / 2019 - Genap', '2019-04-16', '11', '1', '0', '1'),
('25-11-7A-2018 / 2019 - Genap', '1', '2018 / 2019 - Genap', '11-7A-2018 / 2019 - Genap', '2019-06-01', '3', '0', '0', '1'),
('26-12-7G-2018 / 2019 - Genap', '1', '2018 / 2019 - Genap', '12-7G-2018 / 2019 - Genap', '2019-06-03', '10', '0', '0', '1'),
('27-12-7G-2018 / 2019 - Genap', '1', '2018 / 2019 - Genap', '12-7G-2018 / 2019 - Genap', '2019-06-05', '8', '0', '0', '1'),
('28-11-7A-2018 / 2019 - Genap', '1', '2018 / 2019 - Genap', '11-7A-2018 / 2019 - Genap', '2019-06-06', '3', '0', '0', '1'),
('29-12-7G-2018 / 2019 - Genap', '1', '2018 / 2019 - Genap', '12-7G-2018 / 2019 - Genap', '2019-06-07', '10', '0', '0', '1'),
('3-6-7a-2212-Gasal', '1', '2212-Gasal', '6-7a-2212-Gasal', '2019-04-07', '4', '0', '0', '0'),
('30-12-7G-2018 / 2019 - Genap', '1', '2018 / 2019 - Genap', '12-7G-2018 / 2019 - Genap', '2019-06-08', '9', '0', '0', '1'),
('31-12-7G-2018 / 2019 - Genap', '1', '2018 / 2019 - Genap', '12-7G-2018 / 2019 - Genap', '2019-06-10', '8', '0', '0', '1'),
('32-11-7A-2018 / 2019 - Genap', '1', '2018 / 2019 - Genap', '11-7A-2018 / 2019 - Genap', '2019-06-12', '3', '0', '0', '1'),
('33-12-7G-2018 / 2019 - Genap', '1', '2018 / 2019 - Genap', '12-7G-2018 / 2019 - Genap', '2019-06-13', '10', '0', '0', '1'),
('34-12-7G-2018 / 2019 - Genap', '1', '2018 / 2019 - Genap', '12-7G-2018 / 2019 - Genap', '2019-06-14', '7', '0', '1', '1'),
('35-12-7G-2018 / 2019 - Genap', '1', '2018 / 2019 - Genap', '12-7G-2018 / 2019 - Genap', '2019-06-15', '8', '0', '0', '1'),
('36-12-7G-2018 / 2019 - Genap', '1', '2018 / 2019 - Genap', '12-7G-2018 / 2019 - Genap', '2019-06-18', '8', '0', '0', '1'),
('37-12-7G-2018 / 2019 - Genap', '1', '2018 / 2019 - Genap', '12-7G-2018 / 2019 - Genap', '2019-06-19', '8', '0', '2', '1'),
('38-12-7G-2018 / 2019 - Genap', '1', '2018 / 2019 - Genap', '12-7G-2018 / 2019 - Genap', '2019-06-20', '6', '0', '2', '1'),
('39-12-7G-2018 / 2019 - Genap', '1', '2018 / 2019 - Genap', '12-7G-2018 / 2019 - Genap', '2019-06-27', '7', '0', '0', '1'),
('4-1-7a-2212-Gasal', '1', '2212-Gasal', '1-7a-2212-Gasal', '2019-04-05', '1', '0', '0', '0'),
('40-11-7A-2018 / 2019 - Genap', '1', '2018 / 2019 - Genap', '11-7A-2018 / 2019 - Genap', '2019-06-28', '2', '0', '0', '1'),
('41-11-7A-2018 / 2019 - Genap', '1', '2018 / 2019 - Genap', '11-7A-2018 / 2019 - Genap', '2019-07-28', '3', '0', '0', '1'),
('42-11-7A-2018 / 2019 - Genap', '1', '2018 / 2019 - Genap', '11-7A-2018 / 2019 - Genap', '2019-08-03', '3', '0', '0', '1'),
('43-11-7A-2018 / 2019 - Genap', '1', '2018 / 2019 - Genap', '11-7A-2018 / 2019 - Genap', '2019-08-01', '3', '0', '0', '1'),
('44-11-7A-2018 / 2019 - Genap', '1', '2018 / 2019 - Genap', '11-7A-2018 / 2019 - Genap', '2019-08-02', '2', '0', '1', '1'),
('45-11-7A-2018 / 2019 - Genap', '1', '2018 / 2019 - Genap', '11-7A-2018 / 2019 - Genap', '2019-09-01', '3', '0', '0', '0'),
('46-11-7A-2018 / 2019 - Genap', '1', '2018 / 2019 - Genap', '11-7A-2018 / 2019 - Genap', '2019-09-01', '2', '0', '0', '0'),
('47-11-7A-2018 / 2019 - Genap', '1', '2018 / 2019 - Genap', '11-7A-2018 / 2019 - Genap', '2019-09-01', '1', '0', '0', '1'),
('48-11-7A-2018 / 2019 - Genap', '1', '2018 / 2019 - Genap', '11-7A-2018 / 2019 - Genap', '2000-02-02', '3', '0', '0', '1'),
('49-11-7A-2018 / 2019 - Genap', '1', '2018 / 2019 - Genap', '11-7A-2018 / 2019 - Genap', '2019-12-28', '3', '0', '0', '1'),
('5-6-7a-2212-Gasal', '1', '2212-Gasal', '6-7a-2212-Gasal', '2019-04-05', '4', '0', '0', '0'),
('50-11-7A-2018 / 2019 - Genap', '1', '2018 / 2019 - Genap', '11-7A-2018 / 2019 - Genap', '2019-11-28', '3', '0', '0', '1'),
('6-1-7a-2212-Gasal', '1', '2212-Gasal', '1-7a-2212-Gasal', '2019-04-09', '1', '0', '0', '0'),
('7-3-7a-2212-Gasal', '1', '2212-Gasal', '3-7a-2212-Gasal', '2019-04-09', '1', '0', '0', '0'),
('8-11-7A-2018 / 2019 - Genap', '1', '2018 / 2019 - Genap', '11-7A-2018 / 2019 - Genap', '2019-05-15', '3', '0', '0', '1'),
('9-11-7A-2018 / 2019 - Genap', '1', '2018 / 2019 - Genap', '11-7A-2018 / 2019 - Genap', '2019-05-12', '3', '0', '0', '1');

-- --------------------------------------------------------

--
-- Struktur dari tabel `hkelas`
--

CREATE TABLE IF NOT EXISTS `hkelas` (
  `ID_KELAS` varchar(100) NOT NULL,
  `ID_PEGAWAI` varchar(100) NOT NULL,
  `TGL` date NOT NULL,
  `ID_ROMBEL` varchar(20) NOT NULL,
  `ID_RUANG` varchar(20) NOT NULL,
  `TAHUN_AJARAN` varchar(50) NOT NULL,
  `NAMA_KELAS` varchar(100) DEFAULT NULL,
  `TOTAL_SISWA` decimal(8,0) DEFAULT NULL,
  `STATUS` decimal(8,0) DEFAULT NULL
) ENGINE=InnoDB DEFAULT CHARSET=latin1;

--
-- Dumping data untuk tabel `hkelas`
--

INSERT INTO `hkelas` (`ID_KELAS`, `ID_PEGAWAI`, `TGL`, `ID_ROMBEL`, `ID_RUANG`, `TAHUN_AJARAN`, `NAMA_KELAS`, `TOTAL_SISWA`, `STATUS`) VALUES
('1-7a-2212-Gasal', '1', '2019-03-02', '1', '1', '2212-Gasal', '7a-2212-Gasal', '1', '0'),
('10-7a-2019 / 2020 - Gasal', '1', '2019-04-09', '1', '1', '2019 / 2020 - Gasal', '7c', '4', '0'),
('11-7A-2018 / 2019 - Genap', '1', '2019-05-08', '5', '5', '2018 / 2019 - Genap', '7A', '3', '1'),
('12-7G-2018 / 2019 - Genap', '1', '2019-05-15', '10', '10', '2018 / 2019 - Genap', '7G', '15', '1'),
('13-9Q-2018 / 2019 - Genap', '21', '2019-05-15', '50', '52', '2018 / 2019 - Genap', '9Q', '4', '1'),
('14-9P-2018 / 2019 - Genap', '21', '2019-05-15', '49', '52', '2018 / 2019 - Genap', '9P', '1', '1'),
('15-9E-2018 / 2019 - Genap', '21', '2019-05-15', '39', '52', '2018 / 2019 - Genap', '9E', '1', '1'),
('16-9A-2018 / 2019 - Genap', '21', '2019-05-15', '35', '52', '2018 / 2019 - Genap', '9A', '2', '1'),
('17-9H-2018 / 2019 - Genap', '21', '2019-05-15', '41', '52', '2018 / 2019 - Genap', '9H', '3', '1'),
('18-9D-2018 / 2019 - Genap', '21', '2019-05-15', '38', '52', '2018 / 2019 - Genap', '9D', '2', '1'),
('19-8M-2018 / 2019 - Genap', '21', '2019-05-15', '31', '52', '2018 / 2019 - Genap', '8M', '7', '1'),
('2-7a-2019-Gasal', '1', '2019-03-29', '1', '1', '2019-Gasal', '7a-2019-Gasal', '2', '0'),
('20-9Q-2001 / 2002 - Gasal', '35', '2019-05-15', '50', '34', '2001 / 2002 - Gasal', '9Q', '5', '1'),
('21-8I-2017 / 2018 - Genap', '25', '2019-05-15', '27', '32', '2017 / 2018 - Genap', '7A', '4', '1'),
('22-7A-2018 / 2019 - Genap', '37', '2019-05-15', '5', '52', '2018 / 2019 - Genap', '7A', '3', '1'),
('23-7M-2000 / 2001 - Genap', '42', '2019-05-15', '20', '24', '2000 / 2001 - Genap', '9D', '4', '1'),
('24-8F-2008 / 2009 - Gasal', '39', '2019-05-15', '25', '30', '2008 / 2009 - Gasal', '8D', '5', '1'),
('25-8O-2010 / 2010 - Gasal', '37', '2019-05-15', '33', '32', '2010 / 2010 - Gasal', '7B', '5', '1'),
('26-8D-2018 / 2019 - Genap', '21', '2019-05-15', '14', '33', '2018 / 2019 - Genap', '8D', '7', '1'),
('27-7J-2018 / 2019 - Genap', '19', '2019-05-15', '17', '11', '2018 / 2019 - Genap', '7J', '4', '1'),
('28-9O-2018 / 2019 - Genap', '34', '2019-05-15', '48', '41', '2018 / 2019 - Genap', '9O', '7', '1'),
('29-9O-2018 / 2019 - Genap', '48', '2019-05-15', '48', '50', '2018 / 2019 - Genap', '9O', '5', '1'),
('3-7a-2212-Gasal', '1', '2019-03-29', '1', '1', '2212-Gasal', 'dsdsds', '1', '0'),
('30-8E-2018 / 2019 - Genap', '35', '2019-05-16', '24', '52', '2018 / 2019 - Genap', '8E', '1', '1'),
('31-7K-2018 / 2019 - Genap', '35', '2019-05-16', '18', '52', '2018 / 2019 - Genap', '7K', '1', '1'),
('32-8J-2018 / 2019 - Genap', '35', '2019-05-16', '28', '52', '2018 / 2019 - Genap', '8J', '1', '1'),
('4-7a-2212-Gasal', '1', '2019-03-29', '1', '1', '2212-Gasal', '7c', '2', '0'),
('5-7a-2212-Gasal', '1', '2019-03-29', '1', '1', '2212-Gasal', 'hsjhsjdjshdj', '2', '0'),
('6-7a-2212-Gasal', '1', '2019-04-05', '1', '2', '2212-Gasal', '6v', '4', '0'),
('7-7a-2019-Gasal', '1', '2019-04-06', '1', '1', '2019-Gasal', 'swewew', '1', '0'),
('8-8cd-2019-Gasal', '3', '2019-04-06', '2', '1', '2019-Gasal', 'swewew', '1', '0'),
('9-7a-2212-Gasal', '1', '2019-04-07', '1', '1', '2212-Gasal', 'tes', '2', '0');

-- --------------------------------------------------------

--
-- Struktur dari tabel `hperizinan_pegawai`
--

CREATE TABLE IF NOT EXISTS `hperizinan_pegawai` (
  `ID_IZIN` varchar(100) NOT NULL,
  `ID_PEGAWAI` varchar(100) NOT NULL,
  `TAHUN_AJARAN` varchar(50) NOT NULL,
  `TGL` date DEFAULT NULL,
  `PERIODEAWAL` date DEFAULT NULL,
  `PERIODEAKHIR` date DEFAULT NULL,
  `TOTAL_IZIN` decimal(8,0) DEFAULT NULL,
  `TOTAL_DISETUJUI` decimal(8,0) DEFAULT NULL,
  `KETERANGAN` varchar(250) DEFAULT NULL,
  `STATUS` decimal(8,0) DEFAULT NULL
) ENGINE=InnoDB DEFAULT CHARSET=latin1;

--
-- Dumping data untuk tabel `hperizinan_pegawai`
--

INSERT INTO `hperizinan_pegawai` (`ID_IZIN`, `ID_PEGAWAI`, `TAHUN_AJARAN`, `TGL`, `PERIODEAWAL`, `PERIODEAKHIR`, `TOTAL_IZIN`, `TOTAL_DISETUJUI`, `KETERANGAN`, `STATUS`) VALUES
('2-2018 / 2019 - Genap', '24', '2018 / 2019 - Genap', '2019-05-08', '2019-05-01', '2019-05-31', '48', '48', '', '1'),
('5-2212-Gasal', '6', '2212-Gasal', '2019-04-10', '2019-04-10', '2019-04-28', '6', '6', '', '2');

-- --------------------------------------------------------

--
-- Struktur dari tabel `jabatan`
--

CREATE TABLE IF NOT EXISTS `jabatan` (
  `ID_JABATAN` varchar(20) NOT NULL,
  `JABATAN` varchar(30) DEFAULT NULL,
  `STATUS` decimal(8,0) DEFAULT NULL
) ENGINE=InnoDB DEFAULT CHARSET=latin1;

--
-- Dumping data untuk tabel `jabatan`
--

INSERT INTO `jabatan` (`ID_JABATAN`, `JABATAN`, `STATUS`) VALUES
('1', 'TU', '1'),
('2', 'kepsek', '1'),
('3', 'wakasek', '1'),
('4', 'Staff', '1');

-- --------------------------------------------------------

--
-- Struktur dari tabel `jadwal`
--

CREATE TABLE IF NOT EXISTS `jadwal` (
  `ID_JADWAL` varchar(100) NOT NULL,
  `TAHUN_AJARAN` varchar(50) NOT NULL,
  `ID_MAPEL` varchar(20) NOT NULL,
  `ID_PEGAWAI` varchar(100) NOT NULL,
  `ID_KELAS` varchar(100) NOT NULL,
  `HARI` varchar(20) DEFAULT NULL,
  `JAM_AWALMENGAJAR` time DEFAULT NULL,
  `JAM_AKHIRMENGAJAR` time DEFAULT NULL,
  `BERLAKUTGL` date NOT NULL,
  `SAMPAITGL` date NOT NULL,
  `TGL` date NOT NULL,
  `STATUS` int(11) NOT NULL
) ENGINE=InnoDB DEFAULT CHARSET=latin1;

--
-- Dumping data untuk tabel `jadwal`
--

INSERT INTO `jadwal` (`ID_JADWAL`, `TAHUN_AJARAN`, `ID_MAPEL`, `ID_PEGAWAI`, `ID_KELAS`, `HARI`, `JAM_AWALMENGAJAR`, `JAM_AKHIRMENGAJAR`, `BERLAKUTGL`, `SAMPAITGL`, `TGL`, `STATUS`) VALUES
('1', '2212-Gasal', '1', '1', '1-7a-2212-Gasal', 'senin', '00:00:00', '00:00:00', '2019-04-05', '2019-04-05', '2019-04-05', 2),
('10', '2212-Gasal', '1', '1', '1-7a-2212-Gasal', 'sabtu', '00:00:00', '00:00:00', '2019-04-10', '2019-04-28', '2019-04-10', 1),
('11', '2212-Gasal', '1', '1', '1-7a-2212-Gasal', 'rabu', '00:00:00', '00:00:00', '2019-03-28', '2019-03-30', '2019-04-10', 2),
('12', '2212-Gasal', '1', '1', '1-7a-2212-Gasal', 'senin', '10:00:00', '11:00:00', '2019-04-10', '2019-04-10', '2019-04-10', 1),
('13', '2212-Gasal', '1', '1', '1-7a-2212-Gasal', 'selasa', '10:00:00', '11:00:00', '2019-04-06', '2019-04-06', '2019-04-10', 2),
('14', '2018 / 2019 - Genap', '1', '19', '11-7A-2018 / 2019 - Genap', 'senin', '07:00:00', '09:00:00', '2019-05-01', '2019-05-06', '2019-05-15', 1),
('15', '2018 / 2019 - Genap', '11', '1', '11-7A-2018 / 2019 - Genap', 'senin', '09:00:00', '11:00:00', '2019-05-01', '2019-05-02', '2019-05-15', 1),
('16', '2018 / 2019 - Genap', '12', '11', '11-7A-2018 / 2019 - Genap', 'senin', '13:00:00', '15:00:00', '2019-05-01', '2019-05-06', '2019-05-15', 1),
('17', '2018 / 2019 - Genap', '8', '1', '26-8D-2018 / 2019 - Genap', 'senin', '10:00:00', '14:00:00', '2019-05-07', '2019-05-14', '2019-05-15', 1),
('18', '2018 / 2019 - Genap', '14', '20', '29-9O-2018 / 2019 - Genap', 'selasa', '13:00:00', '14:00:00', '2019-05-10', '2019-05-15', '2019-05-15', 1),
('19', '2018 / 2019 - Genap', '15', '16', '11-7A-2018 / 2019 - Genap', 'rabu', '10:00:00', '11:00:00', '2019-05-01', '2019-05-02', '2019-05-15', 1),
('2', '2212-Gasal', '1', '1', '1-7a-2212-Gasal', 'senin', '00:00:00', '00:00:00', '2019-04-05', '2019-04-05', '2019-04-05', 2),
('20', '2018 / 2019 - Genap', '1', '13', '11-7A-2018 / 2019 - Genap', 'kamis', '08:00:00', '10:00:00', '2019-05-01', '2019-05-02', '2019-05-15', 1),
('21', '2018 / 2019 - Genap', '15', '16', '11-7A-2018 / 2019 - Genap', 'rabu', '11:00:00', '12:00:00', '2019-05-01', '2019-05-02', '2019-05-15', 1),
('22', '2018 / 2019 - Genap', '17', '17', '11-7A-2018 / 2019 - Genap', 'rabu', '13:00:00', '15:00:00', '2019-05-01', '2019-05-02', '2019-05-15', 1),
('23', '2018 / 2019 - Genap', '11', '17', '11-7A-2018 / 2019 - Genap', 'jumat', '08:00:00', '10:00:00', '2019-05-03', '2019-05-03', '2019-05-15', 1),
('24', '2018 / 2019 - Genap', '18', '14', '11-7A-2018 / 2019 - Genap', 'jumat', '10:00:00', '12:00:00', '2019-05-03', '2019-05-03', '2019-05-15', 1),
('25', '2018 / 2019 - Genap', '1', '1', '11-7A-2018 / 2019 - Genap', 'jumat', '13:00:00', '15:00:00', '2019-05-03', '2019-05-03', '2019-05-15', 1),
('26', '2018 / 2019 - Genap', '15', '17', '12-7G-2018 / 2019 - Genap', 'senin', '08:00:00', '10:00:00', '2019-05-03', '2019-05-03', '2019-05-15', 1),
('27', '2018 / 2019 - Genap', '1', '18', '12-7G-2018 / 2019 - Genap', 'selasa', '08:00:00', '10:00:00', '2019-05-07', '2019-05-07', '2019-05-15', 1),
('28', '2018 / 2019 - Genap', '11', '19', '12-7G-2018 / 2019 - Genap', 'selasa', '10:00:00', '12:00:00', '2019-05-07', '2019-05-07', '2019-05-15', 1),
('29', '2018 / 2019 - Genap', '13', '20', '12-7G-2018 / 2019 - Genap', 'rabu', '08:00:00', '10:00:00', '2019-05-07', '2019-05-07', '2019-05-15', 1),
('3', '2212-Gasal', '1', '1', '1-7a-2212-Gasal', 'senin', '00:00:00', '00:00:00', '2019-04-05', '2019-04-05', '2019-04-05', 2),
('30', '2018 / 2019 - Genap', '7', '20', '18-9D-2018 / 2019 - Genap', 'kamis', '13:00:00', '15:00:00', '2019-05-07', '2019-05-07', '2019-05-15', 1),
('4', '2212-Gasal', '1', '1', '1-7a-2212-Gasal', 'senin', '00:00:00', '00:00:00', '2019-04-05', '2019-04-05', '2019-04-05', 2),
('5', '2212-Gasal', '1', '1', '1-7a-2212-Gasal', 'senin', '00:00:00', '00:00:00', '2019-04-05', '2019-04-05', '2019-04-05', 2),
('6', '2212-Gasal', '1', '1', '1-7a-2212-Gasal', 'senin', '00:00:00', '00:00:00', '2019-04-05', '2019-04-05', '2019-04-05', 2),
('7', '2212-Gasal', '1', '1', '1-7a-2212-Gasal', 'senin', '00:00:00', '00:00:00', '2019-04-05', '2019-04-05', '2019-04-05', 2),
('8', '2212-Gasal', '1', '1', '1-7a-2212-Gasal', 'selasa', '00:00:00', '00:00:00', '2019-04-09', '2019-04-09', '2019-04-09', 2),
('9', '2212-Gasal', '1', '1', '1-7a-2212-Gasal', 'rabu', '00:00:00', '00:00:00', '2019-03-27', '2019-03-29', '2019-04-10', 2);

-- --------------------------------------------------------

--
-- Struktur dari tabel `mapel`
--

CREATE TABLE IF NOT EXISTS `mapel` (
  `ID_MAPEL` varchar(20) NOT NULL,
  `MAPEL` varchar(50) DEFAULT NULL,
  `STATUS` decimal(8,0) DEFAULT NULL
) ENGINE=InnoDB DEFAULT CHARSET=latin1;

--
-- Dumping data untuk tabel `mapel`
--

INSERT INTO `mapel` (`ID_MAPEL`, `MAPEL`, `STATUS`) VALUES
('1', 'bhs indonesia', '1'),
('10', 'Agama Kristen', '0'),
('11', 'TIK', '1'),
('12', 'Web', '1'),
('13', 'Ips', '1'),
('14', 'bahasa jawa', '1'),
('15', 'sejarah', '1'),
('16', 'geografi', '1'),
('17', 'ekonomi', '1'),
('18', 'bahasa jerman', '1'),
('19', 'bahasa mandarin', '1'),
('2', 'biologi', '1'),
('20', 'bahasa prancis', '1'),
('21', 'bahasa jepang', '1'),
('3', 'fisika', '1'),
('4', 'kimia', '0'),
('5', 'kimia', '1'),
('6', 'Bahasa Inggris', '1'),
('7', 'Matematika', '1'),
('8', 'Kewarganegaraan', '1'),
('9', 'Agama Islam', '1');

-- --------------------------------------------------------

--
-- Struktur dari tabel `mutasi_siswa`
--

CREATE TABLE IF NOT EXISTS `mutasi_siswa` (
  `ID_MUTASI` varchar(20) NOT NULL,
  `ID_SISWA` varchar(100) NOT NULL,
  `NO_INDUK` decimal(8,0) DEFAULT NULL,
  `NISN` decimal(8,0) DEFAULT NULL,
  `NAMA_SISWA` varchar(100) DEFAULT NULL,
  `TEMPAT_LAHIR` varchar(30) NOT NULL,
  `TGL_LAHIR` date NOT NULL,
  `ALAMAT` varchar(250) DEFAULT NULL,
  `GENDER` varchar(20) DEFAULT NULL,
  `AGAMA` varchar(20) DEFAULT NULL,
  `TGL_MASUK` date DEFAULT NULL,
  `TGL_KELUAR` date DEFAULT NULL,
  `ASAL_SD` varchar(20) DEFAULT NULL,
  `AYAH` varchar(100) DEFAULT NULL,
  `IBU` varchar(100) DEFAULT NULL,
  `TELP` varchar(20) DEFAULT NULL,
  `STATUS` decimal(8,0) DEFAULT NULL
) ENGINE=InnoDB DEFAULT CHARSET=latin1;

--
-- Dumping data untuk tabel `mutasi_siswa`
--

INSERT INTO `mutasi_siswa` (`ID_MUTASI`, `ID_SISWA`, `NO_INDUK`, `NISN`, `NAMA_SISWA`, `TEMPAT_LAHIR`, `TGL_LAHIR`, `ALAMAT`, `GENDER`, `AGAMA`, `TGL_MASUK`, `TGL_KELUAR`, `ASAL_SD`, `AYAH`, `IBU`, `TELP`, `STATUS`) VALUES
('1', '1', '12121', '2121', 'dsdsd', 'awe', '2019-03-29', '232323', 'Laki-laki', 'Islam', '2019-03-29', '2019-03-29', 'sdsds', '13ewe', 'wewew2', '21121', '0'),
('10', '13', '19219', '15071705', 'Agung Satya', 'Surabaya', '2006-04-14', 'Jl.Bulak Banteng No 3', 'Laki-laki', 'Islam', '2017-07-15', '2019-05-08', 'SDN 3 Surabaya', 'Mat Tho', 'Zaenab', '084678998176', '1'),
('11', '14', '19220', '15071706', 'Angga', 'Surabaya', '2006-05-12', 'Jl.Babatan Jerawat No 33', 'Laki-laki', 'Islam', '2017-07-15', '2019-05-08', 'SDN 3 Surabaya', 'Budi', 'Tika', '0813786324', '1'),
('12', '15', '19221', '15071707', 'Santi', 'Surabaya', '2006-07-18', 'Jl.Babatan Jerawat No 34,Surabaya\r\n', 'Perempuan', 'Islam', '2017-07-15', '2019-05-08', 'SDN 3 Surabaya', 'Jony', 'Jinny', '08123738459', '1'),
('13', '16', '19222', '15071708', 'Danang', 'Surabaya', '2006-06-02', 'Jl.Kuta No 32,Surabaya', 'Laki-laki', 'Islam', '2017-07-15', '2019-05-08', 'SDN 22 Surabaya', 'Dany ', 'Nining', '0832783624', '1'),
('14', '17', '19223', '15071709', 'Sinta', 'Surabaya', '2006-05-08', 'Jl.Krembangan No 3,Surabaya', 'Perempuan', 'Islam', '2017-07-15', '2019-05-08', 'SDN 2 Surabaya', 'Sinto', 'Tania', '0812363249', '1'),
('15', '18', '19224', '15071710', 'Dika', 'Surabaya', '2006-07-08', 'Jl.Kebalen No 1,Surabaya', 'Laki-laki', 'Islam', '2017-07-15', '2019-05-08', 'SDN 22 Surabaya', 'Diko', 'Dita', '08234783459', '1'),
('16', '8', '19215', '15071701', 'Budi Prasetyo', 'Surabaya', '2010-02-12', 'Jl.Krembangan Bakti No 2,Surabaya', 'Laki-laki', 'Islam', '2017-07-15', '2019-05-08', 'SDN 2 Krembangan', 'Haris', 'Sinta', '081274783892', '1'),
('17', '7', '10000', '9000', 'Danar Dono al Farisi', 'Klaten', '2006-11-01', 'Buntalan RT 44 RW 19, Kalitengah, Wedi, Klaten', 'Laki-laki', 'Islam', '2019-05-08', '2019-05-15', 'SD N 1 Kalitengah', 'Hariyanto', 'Sri Rahatyu', '08953686876076', '1'),
('18', '27', '19108', '15071608', 'Valention', 'Surabaya', '2005-06-17', 'Jl.Babatan No 3 Surabaya', 'Laki-laki', 'Islam', '2016-07-15', '2019-05-15', 'SDN 1 Surabaya', 'Zeus', 'Hella', '082342635821', '1'),
('19', '26', '19107', '15071607', 'Agung Joey', 'Surabaya', '2005-09-24', 'Jl.Kebalen No 44,Surabaya', 'Laki-laki', 'Islam', '2016-07-15', '2019-05-15', 'SDN 1 Surabaya', 'Herman', 'Lela', '083214785743', '1'),
('2', '1', '12121', '2121', 'dsdsd', 'awe', '2019-03-29', '232323', 'Laki-laki', 'Islam', '2019-03-29', '2019-04-05', 'sdsds', '13ewe', 'wewew2', '21121', '0'),
('20', '29', '19110', '15071610', 'Siti Aisyah', 'Surabaya', '2005-04-14', 'Jl.Ampel No 9,Surabaya', 'Perempuan', 'Islam', '2016-07-15', '2019-05-15', 'SDN 9 Surabaya', 'Abdullah', 'Aisyah', '082346726349', '1'),
('21', '23', '19104', '15071604', 'Kevin Lux', 'Malang', '2006-05-01', 'Jl.Mayor No 3,Malang', 'Laki-laki', 'Islam', '2016-07-15', '2019-05-15', 'SDN 5 Malang', 'Kevin', 'Sinta', '081237384509', '1'),
('22', '24', '19105', '15071605', 'Stevanus', 'Surabaya', '2005-11-21', 'JL.Sampoerna No 24,Surabaya', 'Laki-laki', 'Islam', '2016-07-15', '2019-05-15', 'SDN 21 Surabaya', 'Samadi', 'Hella', '0824728529', '1'),
('23', '21', '19102', '15071602', 'Valentina', 'Surabaya', '2005-09-22', 'Jl.Karunia No 33,Surabaya', 'Perempuan', 'Islam', '2016-07-15', '2019-05-15', 'SDN 20 Surabaya', 'Valen', 'Tina', '08121445465', '1'),
('24', '20', '19101', '15071601', 'Eka Kurniawati', 'Surabaya', '2005-08-28', 'Jl.Sampoerna No 3.Surabaya', 'Perempuan', 'Islam', '2016-07-15', '2019-05-15', 'SDN 21 Surabaya', 'Andik', 'Eka', '0816325482', '1'),
('25', '28', '19109', '15071609', 'Muhammad Ali', 'Surabaya', '2005-12-18', 'Jl.Ampel No 3,Surabaya', 'Laki-laki', 'Islam', '2016-07-21', '2019-05-15', 'MI Nurul Jannah Sura', 'ALi', 'Siti Aminah', '08167236472', '1'),
('26', '19', '19225', '15071711', 'Budi Anduk', 'Surabaya', '2006-04-15', 'Jl.Kebalen No 3,Surabaya', 'Laki-laki', 'Islam', '2017-07-15', '2019-05-15', 'SDN 2 Surabaya', 'Budi', 'Anik', '08148574389', '1'),
('27', '38', '121577', '90128594', 'Kasabalangka', 'Klaten', '2019-05-15', 'Gubeng Kertajaya 11C No. 1 Surabaya', 'Laki-laki', 'Islam', '2019-05-15', '2019-05-15', 'SDN Ruwandi', 'KS. Gandi', 'LK. Lasmi', '08932839289', '1'),
('3', '2', '23232', '323232', 'ewewew', 'wewew-------------', '2019-03-30', 'dwdswew-------------', 'Laki-laki', 'Islam', '2019-03-30', '2019-04-19', 'wdwew----------', 'wew-------', 'ewew------------', '23232---------', '0'),
('4', '4', '23232', '323', 'dssds', 'ewew2', '2019-04-05', '23232', 'Laki-laki', 'Islam', '2019-04-05', '2019-04-07', '323232', '323', '23232', '2332', '0'),
('5', '5', '2323', '23232', '3232', '3232', '2019-04-05', '232323', 'Perempuan', 'Islam', '2019-04-05', '2019-04-09', '3323', '323', '23232', '232323', '0'),
('6', '7', '10000', '99999999', 'Danar Dono al Farisi', 'Klaten', '2006-11-01', 'Buntalan RT 44 RW 19, Kalitengah, Wedi, Klaten', 'Laki-laki', 'Islam', '2019-05-08', '2019-05-08', 'SD N 1 Kalitengah', 'Hariyanto', 'Sri Rahatyu', '08953686876076', '1'),
('7', '10', '19216', '15071702', 'Andika ', 'Surabaya', '2005-05-08', 'Jl.Krembangan Bakti No 2,Surabaya', 'Laki-laki', 'Islam', '2017-07-15', '2019-05-08', 'SDN 1 krembangan', 'choi', 'siti', '081239387264', '1'),
('8', '11', '19217', '15071703', 'Siti Aminah', 'Surabaya', '2006-12-15', 'Jl.Kalisosok No 3,Surabaya', 'Perempuan', 'Islam', '2017-07-15', '2019-05-08', 'SD Klenteng 3', 'Zulkarnain', 'Aminah', '0818237839491', '1'),
('9', '12', '19218', '15071704', 'Budi Satya', 'Surabaya', '2006-11-19', 'Jl.Krembangan Barat 2,Surabaya', 'Laki-laki', 'Islam', '2017-07-15', '2019-05-08', 'SD Kramat 19', 'Andik', 'Mia', '0823138734', '1');

-- --------------------------------------------------------

--
-- Struktur dari tabel `pegawai`
--

CREATE TABLE IF NOT EXISTS `pegawai` (
  `ID_PEGAWAI` varchar(100) NOT NULL,
  `NO_INDUK` varchar(20) DEFAULT NULL,
  `NAMA` varchar(250) DEFAULT NULL,
  `GENDER` varchar(20) DEFAULT NULL,
  `TEMPAT_LAHIR` varchar(50) DEFAULT NULL,
  `TGL_LAHIR` date DEFAULT NULL,
  `AGAMA` varchar(20) DEFAULT NULL,
  `ALAMAT` varchar(250) DEFAULT NULL,
  `TELP` varchar(20) DEFAULT NULL,
  `TGL_MASUK` date DEFAULT NULL,
  `STATUS` decimal(8,0) DEFAULT NULL,
  `PASSWORD` varchar(100) DEFAULT NULL
) ENGINE=InnoDB DEFAULT CHARSET=latin1;

--
-- Dumping data untuk tabel `pegawai`
--

INSERT INTO `pegawai` (`ID_PEGAWAI`, `NO_INDUK`, `NAMA`, `GENDER`, `TEMPAT_LAHIR`, `TGL_LAHIR`, `AGAMA`, `ALAMAT`, `TELP`, `TGL_MASUK`, `STATUS`, `PASSWORD`) VALUES
('1', '1234', 'Danar Dono', 'Laki-laki', 'KLT', '2019-03-07', 'Islam', 'klaten JWT', '23232', '2019-03-12', '1', 'd5c4496f47e8f9714df12af4367019ac'),
('10', '19010', 'Muh Eka', 'Laki-laki', 'Surabaya', '1996-01-01', 'Islam', '', '', '2019-04-11', '1', '79ee82b17dfb837b1be94a6827fa395a'),
('11', '19011', 'Miun', 'Laki-laki', 'Surabaya', '1996-02-11', 'Islam', '', '', '2019-04-11', '1', 'd41d8cd98f00b204e9800998ecf8427e'),
('12', '19012', 'ahmad muzaki', 'Laki-laki', 'Surabaya', '1985-03-08', 'Islam', 'Jl.Mayor Jendral No 212,Surabaya', '082687492364', '2019-01-01', '1', 'd41d8cd98f00b204e9800998ecf8427e'),
('13', '19013', 'andika kurniawan', 'Laki-laki', 'Malang', '1987-01-12', 'Islam', 'Jl.Ir Sukarno Blok GG 1 No 2,Malang', '082153471894', '2010-05-15', '1', 'd41d8cd98f00b204e9800998ecf8427e'),
('14', '19014', 'Ayu Ningsih', 'Perempuan', 'Surabaya', '1992-05-12', 'Islam', 'Jl.Kendung Timur Gang 1 No 22,Surabaya', '082778859269', '2016-05-08', '1', 'd41d8cd98f00b204e9800998ecf8427e'),
('15', '19015', 'Angga Eka Setiawan', 'Laki-laki', 'Surabaya', '1989-08-21', 'Islam', 'JL.Prapat Kurung Gang 2 No 15,Surabaya', '08234672339', '2011-08-21', '1', 'd41d8cd98f00b204e9800998ecf8427e'),
('16', '72193', 'Elnathan Azmon', 'Laki-laki', 'Surabaya', '1991-07-27', 'Islam', 'Jl.BukitPalma Blok B1 No 23,Surabaya', '0812469294', '2017-06-17', '1', 'ae0e724af0058162a626ef00e8dd8791'),
('17', '21398', 'Ajuk Setia', 'Perempuan', 'Jombang', '1980-01-11', 'Islam', 'Jl.Karet 1 No 8,Jombang\r\n', '08123783244', '2000-05-23', '1', '35c7358891380f901aeb60abbc72a01f'),
('18', '28749', 'Annisa Muharani', 'Perempuan', 'Surabaya', '1990-05-17', 'Islam', 'Jl.Kenjeran Dalam 1 No 28,Surabaya', '08123783249', '2017-02-12', '1', 'c9d2cce909ea37234be8af1a1f958805'),
('19', '21947', 'Nindia Rahma', 'Perempuan', 'Surabaya', '1989-03-02', 'Islam', 'Jl.Kedinding Dalam 3 No 22,Surabaya', '08123894835', '2007-05-25', '1', '37837f3bfcee0b0041524a3771c575dc'),
('2', '3132313', 'adakkjdkadjaj', 'Laki-laki', 'KJKDAKJDK', '2019-04-05', 'Islam', 'jjdssjkds', '32223232', '2019-04-05', '0', '81dc9bdb52d04dc20036dbd8313ed055'),
('20', '21894', 'Sinta Rahmawati', 'Perempuan', 'Surabaya', '1995-02-19', 'Islam', 'Jl.Kedinding Wetan 2 No 5,Surabaya', '082864328902', '2012-01-08', '1', '08ca451b5ef1a7c86763d31e7711a522'),
('21', '19201', 'Tatik Suliana', 'Perempuan', 'Surabaya', '1987-08-23', 'Islam', 'JL.Kebalen No 20,Surabaya', '081238345', '2007-09-21', '1', '6c1c87dbed51d7f8516f1d874adb1090'),
('22', '19202', 'Muhammad Sukri', 'Laki-laki', 'Surabaya', '1985-04-20', 'Islam', 'Jl.Ampel No 34,Surabaya', '08236475278273', '2010-02-16', '1', 'b1403c8ccf8ec0c64f4a6c963649b455'),
('23', '4567', 'moch rofiun nidzar', 'Laki-laki', 'surabaya', '1994-11-07', 'Islam', 'surabaya', '0898369896', '2019-05-08', '0', 'd41d8cd98f00b204e9800998ecf8427e'),
('24', '34560', 'moch rofiun', 'Laki-laki', 'surabaya', '2019-05-11', 'Islam', '', '', '2019-05-08', '1', 'cdb2be29935cb6142ddb34011a5aa3e8'),
('25', '1000', 'Hendri', 'Laki-laki', 'Klaten', '1980-05-15', 'Islam', 'Gubeng Kertajaya 11C No. 11 Surabaya', '089897767676', '2019-05-15', '1', 'f68bac89085669468822b54a74b9b93e'),
('26', '19026', 'Tutik Sulistiowati', 'Laki-laki', 'Surabaya', '1983-10-22', 'Islam', 'Jl.Kebalen No 3', '0832467234672', '2019-11-18', '1', 'd41d8cd98f00b204e9800998ecf8427e'),
('27', '19027', 'Andika Ahmad', 'Laki-laki', 'Surabaya', '1991-06-19', 'Islam', 'Jl.Sampoerna No 1,Surabaya', '084156743598', '2015-12-28', '1', '7e51eea5fa101ed4dade9ad3a7a072bb'),
('28', '19028', 'Tutik Simawati', 'Perempuan', 'Surabaya', '1993-02-10', 'Islam', 'Jl.Krembangan No 4,Surabaya', '0802134235255', '2002-02-26', '1', '225f42cfd6d106e7065d435e59faefad'),
('29', '19029', 'Sinta Amalia', 'Perempuan', 'Surabaya', '1981-12-05', 'Islam', 'Jl.Kebalen No 33,Surabaya', '088427354623', '2013-08-28', '1', '08ca451b5ef1a7c86763d31e7711a522'),
('3', '2323232', '1234', 'Laki-laki', 'dsdsds', '2019-04-05', 'Islam', 'wqwqw', '2323', '2019-04-05', '0', '81dc9bdb52d04dc20036dbd8313ed055'),
('30', '19030', 'Budi Dilan', 'Laki-laki', 'Malang', '1989-06-05', 'Islam', 'Jl.Ahmad Yani No 33,Surabaya', '0832645263', '2017-11-15', '1', 'd41d8cd98f00b204e9800998ecf8427e'),
('31', '19031', 'Eka Kurniawan', 'Laki-laki', 'Surabaya', '1994-05-22', 'Islam', 'Jl.Kebalen No 9,Surabaya', '089235927452', '2015-05-15', '1', '79ee82b17dfb837b1be94a6827fa395a'),
('32', '19032', 'Eric Budi', 'Laki-laki', 'Surabaya', '1986-08-15', 'Islam', 'Jl.Babatan No 4,Surabaya', '0821374354732', '2008-05-15', '1', 'd41d8cd98f00b204e9800998ecf8427e'),
('33', '19033', 'Yonanda Ari', 'Laki-laki', 'Jakarta', '1985-05-15', 'Islam', 'Jl.Krembangan Bakti No 44,Surabaya', '0823457347523', '2018-05-15', '1', 'bc35cc38a3d4c5a7e05143ba60a6d58d'),
('34', '19035', 'Yuli Aulia', 'Perempuan', 'Surabaya', '1988-05-24', 'Islam', 'Jl.Sampoerna No 33A,Surabaya', '082349347593', '2019-05-15', '1', 'd41d8cd98f00b204e9800998ecf8427e'),
('35', '19034', 'Yuli Rahma', 'Perempuan', 'Surabaya', '1992-05-15', 'Islam', 'Jl.Kenangan No 3,Surabaya', '082347525634', '2018-05-15', '1', '1f6a5655478c2f55c9c37207e46a6415'),
('36', '19036', 'Dilanda', 'Laki-laki', 'Surabaya', '1989-05-11', 'Islam', 'Jl.Krembangan No 45,Surabaya', '0812341652', '2014-05-15', '1', '3afe923266f0b23c836dcc7ce34a6a7a'),
('37', '19037', 'Kevin Saputra', 'Laki-laki', 'Surabaya', '1992-07-15', 'Islam', 'Jl.Arjuna No 4,Surabaya', '0832462534', '2017-05-14', '1', '7278d0d386dcc62e9c1bd86449fd41de'),
('38', '19038', 'Kim Ramadhan', 'Laki-laki', 'Surabaya', '1985-05-13', 'Islam', 'Jl.Kendung No 3,Surabaya', '08123657234', '2016-05-15', '1', 'f559cf7514371d4acdaa13b23279b874'),
('39', '19039', 'Budi Satya', 'Laki-laki', 'Surabaya', '1991-12-04', 'Islam', 'Jl.Kya-Kya No 22A,Surabaya', '0823626354724', '2009-05-15', '1', '16a8df1b9fc4ed0c3af66ea89567b0bb'),
('4', '323', 'dsdsds', 'Perempuan', 'sddsds', '2019-04-05', 'Islam', 'sds', '232', '2019-04-05', '0', 'c20ad4d76fe97759aa27a0c99bff6710'),
('40', '19040', 'Stevanus Kim', 'Laki-laki', 'Surabaya', '1986-01-10', 'Islam', 'Jl.Kebalen Timur No 33,Surabaya', '081236162472', '2018-05-15', '1', '86ad2abe9aa87efa03c4bbee3fb005b2'),
('41', '19041', 'Ayoga Nanda', 'Laki-laki', 'Gresik', '1990-05-15', 'Islam', 'Jl.Ahmad Yani No 3e,Gresik', '08123672134', '2018-05-15', '1', '8d297a658bd8918ca2428789005950df'),
('42', '19042', 'Eka Karunia', 'Perempuan', 'Surabaya', '1989-11-14', 'Islam', 'Jl.Kh Mansyur No 2,Surabaya\r\n', '081236546234', '2004-05-15', '1', '6b5d0830f5e349e537c9c4d427f2614f'),
('43', '19043', 'Emilia Chandra', 'Perempuan', 'Surabaya', '1990-09-15', 'Islam', 'Jl.Indrapura No 35,Surabaya', '08135416523', '2016-05-15', '1', '60d2f1e9a5d618bdc95426f85848c724'),
('44', '19044', 'Kurniawan Chandra', 'Laki-laki', 'Sidoarjo', '1987-05-15', 'Islam', 'Jl.Gajah Mada NO 4,Surabaya', '08123564657234', '2017-05-15', '1', 'e64a98242922f7799ec4a0ad6999924f'),
('45', '19045', 'Herman Thuan', 'Laki-laki', 'Surabaya', '1985-05-15', 'Islam', 'Jl.Ngagel No 33,Surabaya', '088828347732', '1997-05-15', '1', 'd69fe70acfb29c30d1a8a7735bc53b58'),
('46', '19046', 'Herman Tjun', 'Laki-laki', 'Surabaya', '1986-07-11', 'Islam', 'Jl.Kebalen No 454,Surabaya', '081823234235', '2015-05-15', '1', 'acf25149ba32bda3fc88c2abd6eb3e97'),
('47', '19047', 'Jun Misugi', 'Laki-laki', 'Surabaya', '1986-09-12', 'Islam', 'Jl.Sampoerna No 44,Surabaya', '0812365461723', '2016-05-15', '1', '2979158b9c1e72755a8961f03e3580f5'),
('48', '19048', 'Tsubasa', 'Laki-laki', 'Surabaya', '1994-05-15', 'Islam', 'Jl.Nankatsu No 10,Surabaya', '081236451623', '2018-05-15', '1', 'ad7b25e2374b423547e6783add6d7428'),
('49', '19049', 'Hyuga', 'Laki-laki', 'Surabaya', '1995-05-15', 'Islam', 'Jl.Toho No 9,Surabaya', '0812635682345', '2009-05-15', '1', 'ae93f6696a2a89b67aa6fb45092eded7'),
('5', '3232', '12', 'Laki-laki', '1221', '2019-04-05', 'Islam', '121212', '21212', '2019-04-05', '0', 'c20ad4d76fe97759aa27a0c99bff6710'),
('50', '19050', 'Misaki', 'Laki-laki', 'Surabaya', '1996-05-15', 'Islam', 'Jl.Nankatsu No 9,Surabaya', '08172346137345', '2018-05-15', '1', '9016512cbdfaa7634ba35dd446297b7b'),
('51', '123456789101112', 'tes', 'Laki-laki', '', '2019-05-16', 'Islam', '', '', '2019-05-16', '1', 'd41d8cd98f00b204e9800998ecf8427e'),
('6', '1', 'kepsek', 'Laki-laki', '', '2019-04-09', 'Islam', '', '', '2019-04-09', '0', '8561863b55faf85b9ad67c52b3b851ac'),
('7', '2', 'wakasek', 'Laki-laki', '', '2019-04-09', 'Islam', '', '', '2019-04-09', '0', 'b0e01a6db48522d0672abc66c07965f6'),
('8', '3', 'pegawai', 'Laki-laki', '', '2019-04-09', 'Islam', '', '', '2019-04-09', '0', '047aeeb234644b9e2d4138ed3bc7976a'),
('9', '4', '4', 'Laki-laki', '', '2019-04-09', 'Islam', '', '', '2019-04-09', '0', 'a87ff679a2f3e71d9181a67b7542122c');

-- --------------------------------------------------------

--
-- Struktur dari tabel `rombel`
--

CREATE TABLE IF NOT EXISTS `rombel` (
  `ID_ROMBEL` varchar(20) NOT NULL,
  `ROMBEL` varchar(20) DEFAULT NULL,
  `STATUS` decimal(8,0) DEFAULT NULL
) ENGINE=InnoDB DEFAULT CHARSET=latin1;

--
-- Dumping data untuk tabel `rombel`
--

INSERT INTO `rombel` (`ID_ROMBEL`, `ROMBEL`, `STATUS`) VALUES
('1', '7a', '0'),
('10', '7G', '1'),
('11', '8A', '1'),
('12', '8B', '1'),
('13', '8C', '1'),
('14', '8D', '1'),
('15', '7H', '1'),
('16', '7I', '1'),
('17', '7J', '1'),
('18', '7K', '1'),
('19', '7L', '1'),
('2', '8cd', '0'),
('20', '7M', '1'),
('21', '7N', '1'),
('22', '7O', '1'),
('23', '7P', '1'),
('24', '8E', '1'),
('25', '8F', '1'),
('26', '8H', '1'),
('27', '8I', '1'),
('28', '8J', '1'),
('29', '8K', '1'),
('3', '8d', '0'),
('30', '8L', '1'),
('31', '8M', '1'),
('32', '8N', '1'),
('33', '8O', '1'),
('34', '8P', '1'),
('35', '9A', '1'),
('36', '9B', '1'),
('37', '9C', '1'),
('38', '9D', '1'),
('39', '9E', '1'),
('4', '7B', '1'),
('40', '9F', '1'),
('41', '9H', '1'),
('42', '9I', '1'),
('43', '9J', '1'),
('44', '9K', '1'),
('45', '9L', '1'),
('46', '9M', '1'),
('47', '9N', '1'),
('48', '9O', '1'),
('49', '9P', '1'),
('5', '7A', '1'),
('50', '9Q', '1'),
('6', '7C', '1'),
('7', '7D', '1'),
('8', '7E', '1'),
('9', '7F', '1');

-- --------------------------------------------------------

--
-- Struktur dari tabel `ruang`
--

CREATE TABLE IF NOT EXISTS `ruang` (
  `ID_RUANG` varchar(20) NOT NULL,
  `RUANG` varchar(20) DEFAULT NULL,
  `STATUS` decimal(8,0) DEFAULT NULL
) ENGINE=InnoDB DEFAULT CHARSET=latin1;

--
-- Dumping data untuk tabel `ruang`
--

INSERT INTO `ruang` (`ID_RUANG`, `RUANG`, `STATUS`) VALUES
('1', '7dsds', '0'),
('10', '106', '1'),
('11', '107', '1'),
('12', '108', '1'),
('13', '109', '1'),
('14', '110', '1'),
('15', '111', '1'),
('16', '112', '1'),
('17', '113', '1'),
('18', '114', '1'),
('19', '115', '1'),
('2', 'd', '0'),
('20', '116', '1'),
('21', '117', '1'),
('22', '118', '1'),
('23', '119', '1'),
('24', '120', '1'),
('25', '121', '1'),
('26', '122', '1'),
('27', '123', '1'),
('28', '124', '1'),
('29', '125', '1'),
('3', '5cc', '0'),
('30', '126', '1'),
('31', '127', '1'),
('32', '128', '1'),
('33', '129', '1'),
('34', '130', '1'),
('35', '131', '1'),
('36', '132', '1'),
('37', '133', '1'),
('38', '134', '1'),
('39', '135', '1'),
('4', 'c', '0'),
('40', '136', '1'),
('41', '137', '1'),
('42', '138', '1'),
('43', '139', '1'),
('44', '140', '1'),
('45', '141', '1'),
('46', '142', '1'),
('47', '143', '1'),
('48', '144', '1'),
('49', '145', '1'),
('5', '101', '1'),
('50', '146', '1'),
('51', '147', '1'),
('52', '148', '1'),
('6', '102', '1'),
('7', '103', '1'),
('8', '104', '1'),
('9', '105', '1');

-- --------------------------------------------------------

--
-- Struktur dari tabel `siswa`
--

CREATE TABLE IF NOT EXISTS `siswa` (
  `ID_SISWA` varchar(100) NOT NULL,
  `NO_INDUK` varchar(20) DEFAULT NULL,
  `NISN` varchar(20) DEFAULT NULL,
  `NAMA_SISWA` varchar(100) DEFAULT NULL,
  `ALAMAT` varchar(250) DEFAULT NULL,
  `GENDER` varchar(20) DEFAULT NULL,
  `TEMPAT_LAHIR` varchar(50) DEFAULT NULL,
  `TGL_LAHIR` date DEFAULT NULL,
  `AGAMA` varchar(20) DEFAULT NULL,
  `TGL_MASUK` date DEFAULT NULL,
  `ASAL_SD` varchar(20) DEFAULT NULL,
  `AYAH` varchar(100) DEFAULT NULL,
  `IBU` varchar(100) DEFAULT NULL,
  `TELP` varchar(20) DEFAULT NULL,
  `STATUS` decimal(8,0) DEFAULT NULL
) ENGINE=InnoDB DEFAULT CHARSET=latin1;

--
-- Dumping data untuk tabel `siswa`
--

INSERT INTO `siswa` (`ID_SISWA`, `NO_INDUK`, `NISN`, `NAMA_SISWA`, `ALAMAT`, `GENDER`, `TEMPAT_LAHIR`, `TGL_LAHIR`, `AGAMA`, `TGL_MASUK`, `ASAL_SD`, `AYAH`, `IBU`, `TELP`, `STATUS`) VALUES
('1', '12121', '2121', 'dsdsd', '232323', 'Laki-laki', 'awe', '2019-03-29', 'Islam', '2019-03-29', 'sdsds', '13ewe', 'wewew2', '21121', '0'),
('10', '19216', '15071702', 'Andika ', 'Jl.Krembangan Bakti No 2,Surabaya', 'Laki-laki', 'Surabaya', '2005-05-08', 'Islam', '2017-07-15', 'SDN 1 krembangan', 'choi', 'siti', '081239387264', '1'),
('11', '19217', '15071703', 'Siti Aminah', 'Jl.Kalisosok No 3,Surabaya', 'Perempuan', 'Surabaya', '2006-12-15', 'Islam', '2017-07-15', 'SD Klenteng 3', 'Zulkarnain', 'Aminah', '0818237839491', '1'),
('12', '19218', '15071704', 'Budi Satya', 'Jl.Krembangan Barat 2,Surabaya', 'Laki-laki', 'Surabaya', '2006-11-19', 'Islam', '2017-07-15', 'SD Kramat 19', 'Andik', 'Mia', '0823138734', '1'),
('13', '19219', '15071705', 'Agung Satya', 'Jl.Bulak Banteng No 3', 'Laki-laki', 'Surabaya', '2006-04-14', 'Islam', '2017-07-15', 'SDN 3 Surabaya', 'Mat Tho', 'Zaenab', '084678998176', '1'),
('14', '19220', '15071706', 'Angga', 'Jl.Babatan Jerawat No 33', 'Laki-laki', 'Surabaya', '2006-05-12', 'Islam', '2017-07-15', 'SDN 3 Surabaya', 'Budi', 'Tika', '0813786324', '1'),
('15', '19221', '15071707', 'Santi', 'Jl.Babatan Jerawat No 34,Surabaya\r\n', 'Perempuan', 'Surabaya', '2006-07-18', 'Islam', '2017-07-15', 'SDN 3 Surabaya', 'Jony', 'Jinny', '08123738459', '1'),
('16', '19222', '15071708', 'Danang', 'Jl.Kuta No 32,Surabaya', 'Laki-laki', 'Surabaya', '2006-06-02', 'Islam', '2017-07-15', 'SDN 22 Surabaya', 'Dany ', 'Nining', '0832783624', '1'),
('17', '19223', '15071709', 'Sinta', 'Jl.Krembangan No 3,Surabaya', 'Perempuan', 'Surabaya', '2006-05-08', 'Islam', '2017-07-15', 'SDN 2 Surabaya', 'Sinto', 'Tania', '0812363249', '1'),
('18', '19224', '15071710', 'Dika', 'Jl.Kebalen No 1,Surabaya', 'Laki-laki', 'Surabaya', '2006-07-08', 'Islam', '2017-07-15', 'SDN 22 Surabaya', 'Diko', 'Dita', '08234783459', '1'),
('19', '19225', '15071711', 'Budi Anduk', 'Jl.Kebalen No 3,Surabaya', 'Laki-laki', 'Surabaya', '2006-04-15', 'Islam', '2017-07-15', 'SDN 2 Surabaya', 'Budi', 'Anik', '08148574389', '1'),
('2', '23232', '323232', 'ewewew', 'dwdswew', 'Perempuan', 'wewew', '2019-03-29', 'Islam', '2019-03-29', 'wdwew', 'wew', 'ewew', '23232', '0'),
('20', '19101', '15071601', 'Eka Kurniawati', 'Jl.Sampoerna No 3.Surabaya', 'Perempuan', 'Surabaya', '2005-08-28', 'Islam', '2016-07-15', 'SDN 21 Surabaya', 'Andik', 'Eka', '0816325482', '1'),
('21', '19102', '15071602', 'Valentina', 'Jl.Karunia No 33,Surabaya', 'Perempuan', 'Surabaya', '2005-09-22', 'Islam', '2016-07-15', 'SDN 20 Surabaya', 'Valen', 'Tina', '08121445465', '1'),
('22', '19103', '15071603', 'Anang Herman', 'Jl.Sampoerna No 3,Surabaya', 'Laki-laki', 'Surabaya', '2006-10-24', 'Islam', '2016-07-15', 'SDN 12 Surabaya', 'Herman', 'Henny', '08123632849', '1'),
('23', '19104', '15071604', 'Kevin Lux', 'Jl.Mayor No 3,Malang', 'Laki-laki', 'Malang', '2006-05-01', 'Islam', '2016-07-15', 'SDN 5 Malang', 'Kevin', 'Sinta', '081237384509', '1'),
('24', '19105', '15071605', 'Stevanus', 'JL.Sampoerna No 24,Surabaya', 'Laki-laki', 'Surabaya', '2005-11-21', 'Islam', '2016-07-15', 'SDN 21 Surabaya', 'Samadi', 'Hella', '0824728529', '1'),
('25', '19106', '15071606', 'Michael Herman', 'Jl.Kebalen No 33,Surabaya', 'Laki-laki', 'Surabaya', '2005-04-21', 'Islam', '2017-07-15', 'SDN 22 Surabaya', 'Michael J', 'Melly', '084512837389', '1'),
('26', '19107', '15071607', 'Agung Joey', 'Jl.Kebalen No 44,Surabaya', 'Laki-laki', 'Surabaya', '2005-09-24', 'Islam', '2016-07-15', 'SDN 1 Surabaya', 'Herman', 'Lela', '083214785743', '1'),
('27', '19108', '15071608', 'Valention', 'Jl.Babatan No 3 Surabaya', 'Laki-laki', 'Surabaya', '2005-06-17', 'Islam', '2016-07-15', 'SDN 1 Surabaya', 'Zeus', 'Hella', '082342635821', '1'),
('28', '19109', '15071609', 'Muhammad Ali', 'Jl.Ampel No 3,Surabaya', 'Laki-laki', 'Surabaya', '2005-12-18', 'Islam', '2016-07-21', 'MI Nurul Jannah Sura', 'ALi', 'Siti Aminah', '08167236472', '1'),
('29', '19110', '15071610', 'Siti Aisyah', 'Jl.Ampel No 9,Surabaya', 'Perempuan', 'Surabaya', '2005-04-14', 'Islam', '2016-07-15', 'SDN 9 Surabaya', 'Abdullah', 'Aisyah', '082346726349', '1'),
('3', '1212121', '12121212', 'dsdsdsd----------------', 'dsdsdsdsds--------------', 'Perempuan', 'sdsdsdsdsds-----------', '2019-04-06', 'Islam', '2019-04-06', 'dsdsds----------', 'fsf--------------', 'dsdsd--------------', '1213131------------', '0'),
('30', '192789', '12345678', 'moch rofiun', 'tambak sumur', 'Laki-laki', 'surabaya', '1994-11-07', 'Islam', '2018-07-16', 'sd saroja', 'paijo', 'painem', '08986575467', '1'),
('31', '20000', '99999999', 'Hanifah Tan', 'Gubeng Kertajaya 11A No. 1 Surabaya', 'Perempuan', 'Malang', '2006-05-15', 'Islam', '2019-05-15', 'SD N 1 Malang', 'Basri', 'Sariyem', '08954323232', '1'),
('32', '20001', '99999999', 'Andi Tuban', 'Wisma Permai I No 12 Surabaya', 'Laki-laki', 'Tuban', '2006-05-10', 'Islam', '2019-05-15', 'SD N 2 Tuban', 'Tubanis', 'Hajijah', '08923239090', '1'),
('33', '20002', '99999999', 'JS. Satriyo', 'Wisma Atlet No 101 Surabaya', 'Laki-laki', 'Surakarta', '2006-05-15', 'Islam', '2019-05-15', 'SD N 1 Surakarta', 'Nerimo', 'Heni SK.', '08954343434', '1'),
('34', '212121', '99999999', 'Berry Lesmana', 'Kertajaya Indah No. 102 Surabaya', 'Laki-laki', 'Klaten', '2006-05-15', 'Islam', '2019-05-15', 'SDN 1 Klaten', 'Lesmana', 'Yuki Hana', '0889932328', '1'),
('35', '12445', '99999999', 'JT. Array Pinangsah', 'Wisma Permai No. 123 Surabaya', 'Laki-laki', 'Tuban', '2019-05-15', 'Islam', '2019-05-15', 'SD N 2 Tuban', 'KJ. Harry', 'Lesnawati', '089823283727', '1'),
('36', '12134', '99999999', 'BT. Surya Indah', 'Wisma Permai No. 99 Surabaya', 'Perempuan', 'Jakarta', '2006-05-15', 'Islam', '2019-05-15', 'SD N 100 Jakarta', 'Beli Aryo', 'J. Keli', '0892323232', '1'),
('37', '12246', '99999999', 'LY. Kasat', 'Wisma Permai No. 88 Surabaya', 'Laki-laki', 'Karanganyar', '2007-05-15', 'Islam', '2019-05-15', 'SD N 1 Karanganyar', 'AY. Koemini', 'Suryani', '0893232377', '1'),
('38', '121577', '90128594', 'Kasabalangka', 'Gubeng Kertajaya 11C No. 1 Surabaya', 'Laki-laki', 'Klaten', '2019-05-15', 'Islam', '2019-05-15', 'SDN Ruwandi', 'KS. Gandi', 'LK. Lasmi', '08932839289', '1'),
('39', '12341', '98765418', 'KI. Kani', 'Wisma Pelopor No. 9 Surabaya', 'Perempuan', 'Surabaya', '2004-05-15', 'Islam', '2019-05-15', 'SD N 20 Surabaya', 'Kl. Mando', 'LK. Mandini', '08944343434', '1'),
('4', '23232', '323', 'dssds', '23232', 'Laki-laki', 'ewew2', '2019-04-05', 'Islam', '2019-04-05', '323232', '323', '23232', '2332', '0'),
('40', '12145', '99999999', 'Sura Kali', 'Wisma Pepsi No. 99 Surabaya', 'Laki-laki', 'Surabaya', '2005-05-15', 'Islam', '2019-05-15', 'SD N 10 Surabaya', 'Berman', 'Muslimah', '089232323232', '1'),
('41', '99999999', '219001', 'Andi Lusa', 'Wisma Taspen No. 99 Surabaya', 'Laki-laki', 'Surabaya', '2006-05-18', 'Islam', '2019-05-15', 'SDN 100 Surabaya', 'Hendri Kane', 'Lasmi al Kahfi', '0898232783', '1'),
('42', '12340', '987', 'Hendri JL.', 'Wisma Muslim No. 19 Surabaya', 'Laki-laki', 'Surabaya', '2007-05-15', 'Islam', '2019-05-15', 'SDN Pitungan', 'Sholeh al Shaleh', 'Sholehah', '08987878237', '1'),
('43', '12338', '99999999', 'Hasmi', 'Wisma Pepsi No. 199 Surabaya', 'Perempuan', 'Surabaya', '2008-05-15', 'Islam', '2019-05-15', 'SDN Belitung', 'Kahmi', 'Hani', '08982837273', '1'),
('44', '12493', '99999999', 'JG. Levi', 'Gubeng Indah No. 99 Surabaya', 'Perempuan', 'Surabaya', '2005-05-15', 'Islam', '2019-05-15', 'SDN Maritung', 'Garry L.', 'Feni K.', '0839283988', '1'),
('45', '12890', '99999999', 'JH. Keri', 'Wisma Indah No. 199 Surabaya', 'Perempuan', 'Surabaya', '2019-05-15', 'Islam', '2019-05-15', 'SD N Jepangan', 'GJ. Ali ', 'Nani L.', '0893313131', '1'),
('46', '12449', '99999999', 'Heni L.', 'Wisma Cantik No. 199 Surabaya', 'Perempuan', 'Klaten', '2007-05-15', 'Islam', '2019-05-15', 'SD N Pitungan', 'Ali Ali', 'Uli Uli', '089337232832', '1'),
('47', '12481', '99999999', 'Heli Kusuma', 'Griya Indah No. 10 Surabaya', 'Perempuan', 'Surabaya', '2008-05-15', 'Islam', '2019-05-15', 'SDN Kupangan', 'Deni Ikan', 'Dewi Kusuma Dewi ', '0893238998', '1'),
('48', '12121', '99999999', 'DF. Leki', 'Wisma Atlet No 87 Surabaya', 'Perempuan', 'Surabaya', '2008-05-15', 'Islam', '2019-05-15', 'SDN Jepung', 'Hermanto ', 'Heni', '089283829', '1'),
('49', '12131', '99999999', 'Fani LJ.', 'Wisma Pepsi No. 33 Surabaya', 'Perempuan', 'Surabaya', '2007-05-15', 'Islam', '2019-05-15', 'SDN Klimah', 'As Al ', 'Hai LS.', '0892932932', '1'),
('5', '2323', '23232', '3232', '232323', 'Perempuan', '3232', '2019-04-05', 'Islam', '2019-04-05', '3323', '323', '23232', '232323', '0'),
('50', '11419', '99999999', 'Kari Kuliah', 'Griya Mukti No. 10 Surabaya', 'Laki-laki', 'Surabaya', '2007-05-15', 'Islam', '2019-05-15', 'SDN Tipuangan', 'Harry KJ', 'Seni LJK', '089323232', '1'),
('51', '12365', '99999999', 'Denny Manusia Ikan', '', 'Laki-laki', 'Klaten', '2019-05-16', 'Islam', '2019-05-16', '', '', '', '', '1'),
('52', '99999999', '11119', 'admintoro', '', 'Laki-laki', '', '2019-05-16', 'Islam', '2019-05-16', '', '', '', '', '1'),
('53', '1', '1', '1', '', 'Laki-laki', '', '2019-05-16', 'Islam', '2019-05-16', '', '', '', '', '1'),
('54', '11118', '11111118', '118', '', 'Laki-laki', '', '2019-05-16', 'Islam', '2019-05-16', '', '', '', '', '1'),
('55', '99999999', '99999999', '123456789', '', 'Laki-laki', '', '2019-05-16', 'Islam', '2019-05-16', '', '', '', '', '1'),
('56', '123456789101112', '123224343434334', 'tes', '', 'Laki-laki', '', '2019-05-16', 'Islam', '2019-05-16', '', '', '', '', '1'),
('6', '32321', '323', '23232', 'dsdsdsd', 'Laki-laki', '23232', '2019-04-07', 'Islam', '2019-04-07', '2323', 'dsds', 'sdsdsds', '232', '0'),
('7', '10000', '9000', 'Danar Dono al Farisi', 'Buntalan RT 44 RW 19, Kalitengah, Wedi, Klaten', 'Laki-laki', 'Klaten', '2006-11-01', 'Islam', '2019-05-08', 'SD N 1 Kalitengah', 'Hariyanto', 'Sri Rahatyu', '08953686876076', '1'),
('8', '19215', '15071701', 'Budi Prasetyo', 'Jl.Krembangan Bakti No 2,Surabaya', 'Laki-laki', 'Surabaya', '2010-02-12', 'Islam', '2017-07-15', 'SDN 2 Krembangan', 'Haris', 'Sinta', '081274783892', '1'),
('9', '3232', '42342', 'dsdsd', '', 'Laki-laki', '', '2019-05-08', 'Islam', '2019-05-08', '', '', '', '', '0');

-- --------------------------------------------------------

--
-- Struktur dari tabel `tahun_ajaran`
--

CREATE TABLE IF NOT EXISTS `tahun_ajaran` (
  `TAHUN_AJARAN` varchar(50) NOT NULL,
  `TAHUN` varchar(20) DEFAULT NULL,
  `TAHUN2` varchar(20) NOT NULL,
  `SEMESTER` varchar(20) DEFAULT NULL,
  `STATUS` decimal(8,0) DEFAULT NULL
) ENGINE=InnoDB DEFAULT CHARSET=latin1;

--
-- Dumping data untuk tabel `tahun_ajaran`
--

INSERT INTO `tahun_ajaran` (`TAHUN_AJARAN`, `TAHUN`, `TAHUN2`, `SEMESTER`, `STATUS`) VALUES
(' /  - Gasal', '', '', 'Gasal', '0'),
('1997 / 1998 - Gasal', '1997', '1998', 'Gasal', '1'),
('1997 / 1998 - Genap', '1997', '1998', 'Genap', '1'),
('1998 / 1999 - Gasal', '1998', '1999', 'Gasal', '1'),
('1998 / 1999 - Genap', '1998', '1999', 'Genap', '1'),
('1999 / 2000 - Gasal', '1999', '2000', 'Gasal', '1'),
('1999 / 2000 - Genap', '1999', '2000', 'Genap', '1'),
('2000 / 2001 - Gasal', '2000', '2001', 'Gasal', '1'),
('2000 / 2001 - Genap', '2000', '2001', 'Genap', '1'),
('2001 / 2002 - Gasal', '2001', '2002', 'Gasal', '1'),
('2001 / 2002 - Genap', '2001', '2002', 'Genap', '1'),
('2002 / 2003 - Gasal', '2002', '2003', 'Gasal', '1'),
('2002 / 2003 - Genap', '2002', '2003', 'Genap', '1'),
('2003 / 2004 - Gasal', '2003', '2004', 'Gasal', '1'),
('2003 / 2004 - Genap', '2003', '2004', 'Genap', '1'),
('2004 / 2005 - Gasal', '2004', '2005', 'Gasal', '1'),
('2004 / 2005 - Genap', '2004', '2005', 'Genap', '1'),
('2005 / 2006 - Gasal', '2005', '2006', 'Gasal', '1'),
('2005 / 2006 - Genap', '2005', '2006', 'Genap', '1'),
('2006 / 2007 - Gasal', '2006', '2007', 'Gasal', '1'),
('2006 / 2007 - Genap', '2006', '2007', 'Genap', '1'),
('2007 / 2008 - Gasal', '2007', '2008', 'Gasal', '1'),
('2007 / 2008 - Genap', '2007', '2008', 'Genap', '1'),
('2008 / 2009 - Gasal', '2008', '2009', 'Gasal', '1'),
('2008 / 2009 - Genap', '2008', '2009', 'Genap', '1'),
('2009 / 2010 - Gasal', '2009', '2010', 'Gasal', '1'),
('2009 / 2010 - Genap', '2009', '2010', 'Genap', '1'),
('2010 / 2010 - Gasal', '2010', '2010', 'Gasal', '1'),
('2010 / 2011 - Genap', '2010', '2011', 'Genap', '1'),
('2011 / 2011 - Gasal', '2011', '2011', 'Gasal', '1'),
('2011 / 2012 - Genap', '2011', '2012', 'Genap', '1'),
('2011-Genap', '2011-', '', 'gasal', '0'),
('2012 / 2012 - Gasal', '2012', '2012', 'Gasal', '1'),
('2012 / 2013 - Genap', '2012', '2013', 'Genap', '1'),
('2012-Gasal', '2012', '', 'Gasal', '0'),
('2013 / 2013 - Gasal', '2013', '2013', 'Gasal', '1'),
('2013 / 2014 - Genap', '2013', '2014', 'Genap', '1'),
('2014 / 2015 - Gasal', '2014', '2015', 'Gasal', '1'),
('2014 / 2015 - Genap', '2014', '2015', 'Genap', '1'),
('2015 / 2016 - Gasal', '2015', '2016', 'Gasal', '1'),
('2015 / 2016 - Genap', '2015', '2016', 'Genap', '1'),
('2016 / 2017 - Gasal', '2016', '2017', 'Gasal', '1'),
('2016 / 2017 - Genap', '2016', '2017', 'Genap', '1'),
('2017 / 2018 - Gasal', '2017', '2018', 'Gasal', '1'),
('2017 / 2018 - Genap', '2017', '2018', 'Genap', '1'),
('2018 / 2019 - Gasal', '2018', '2019', 'Gasal', '0'),
('2018 / 2019 - Genap', '2018', '2019', 'Genap', '1'),
('2019 / 2020 - Gasal', '2019', '2020', 'Gasal', '0'),
('2019-2019-Gasal', '2019-2019', '', 'Gasal', '0'),
('2019-Gasal', '2019', '', 'Gasal', '0'),
('2212-Gasal', '2212', '2213', 'Gasal', '0');

--
-- Indexes for dumped tables
--

--
-- Indexes for table `dabsensi_pegawai`
--
ALTER TABLE `dabsensi_pegawai`
  ADD PRIMARY KEY (`ID_PEGAWAI`,`ID_APEGAWAI`),
  ADD KEY `FK_DABSENSI_PEGAWAI2` (`ID_APEGAWAI`);

--
-- Indexes for table `dabsensi_siswa`
--
ALTER TABLE `dabsensi_siswa`
  ADD PRIMARY KEY (`ID_ASISWA`,`ID_SISWA`),
  ADD KEY `FK_DABSENSI_SISWA2` (`ID_SISWA`);

--
-- Indexes for table `detail_jabatan`
--
ALTER TABLE `detail_jabatan`
  ADD PRIMARY KEY (`ID_MENJABAT`),
  ADD KEY `FK_MENDETAIL_JABATAN` (`ID_JABATAN`),
  ADD KEY `FK_MENJABAT` (`ID_PEGAWAI`);

--
-- Indexes for table `dkelas`
--
ALTER TABLE `dkelas`
  ADD PRIMARY KEY (`ID_SISWA`,`ID_KELAS`),
  ADD KEY `FK_MEMPUNYAI_KELAS2` (`ID_KELAS`);

--
-- Indexes for table `dperizinan_pegawai`
--
ALTER TABLE `dperizinan_pegawai`
  ADD PRIMARY KEY (`ID`),
  ADD KEY `FK_MEMOHON_IZIN` (`ID_PEGAWAI`),
  ADD KEY `FK_MENYETUJUI_IZIN` (`ID_IZIN`);

--
-- Indexes for table `habsensi_pegawai`
--
ALTER TABLE `habsensi_pegawai`
  ADD PRIMARY KEY (`ID_APEGAWAI`),
  ADD KEY `FK_MENGABSEN_PEGAWAI` (`ID_PEGAWAI`),
  ADD KEY `FK_PERIODE_ABSENSI_PEGAWAI` (`TAHUN_AJARAN`);

--
-- Indexes for table `habsensi_siswa`
--
ALTER TABLE `habsensi_siswa`
  ADD PRIMARY KEY (`ID_ASISWA`),
  ADD KEY `FK_DIABSENSI` (`ID_KELAS`),
  ADD KEY `FK_MENGABSEN_SISWA` (`ID_PEGAWAI`),
  ADD KEY `FK_TAHUN_AJARAN_ABSENSI_SISWA` (`TAHUN_AJARAN`);

--
-- Indexes for table `hkelas`
--
ALTER TABLE `hkelas`
  ADD PRIMARY KEY (`ID_KELAS`),
  ADD KEY `FK_KELOMPOK` (`ID_ROMBEL`),
  ADD KEY `FK_MEMBINA_KELAS` (`ID_PEGAWAI`),
  ADD KEY `FK_MENEMPATI` (`ID_RUANG`),
  ADD KEY `FK_PERIODE_KELAS` (`TAHUN_AJARAN`);

--
-- Indexes for table `hperizinan_pegawai`
--
ALTER TABLE `hperizinan_pegawai`
  ADD PRIMARY KEY (`ID_IZIN`),
  ADD KEY `FK_MEMBERI_IZIN` (`ID_PEGAWAI`),
  ADD KEY `FK_TAHUN_AJARAN_PERIZINAN` (`TAHUN_AJARAN`);

--
-- Indexes for table `jabatan`
--
ALTER TABLE `jabatan`
  ADD PRIMARY KEY (`ID_JABATAN`);

--
-- Indexes for table `jadwal`
--
ALTER TABLE `jadwal`
  ADD PRIMARY KEY (`ID_JADWAL`),
  ADD KEY `FK_BERADA` (`ID_KELAS`),
  ADD KEY `FK_MASA_BERLAKU` (`TAHUN_AJARAN`),
  ADD KEY `FK_MENGAJAR` (`ID_PEGAWAI`),
  ADD KEY `FK_MPY_JADWAL` (`ID_MAPEL`);

--
-- Indexes for table `mapel`
--
ALTER TABLE `mapel`
  ADD PRIMARY KEY (`ID_MAPEL`);

--
-- Indexes for table `mutasi_siswa`
--
ALTER TABLE `mutasi_siswa`
  ADD PRIMARY KEY (`ID_MUTASI`),
  ADD KEY `FK_MUTASI` (`ID_SISWA`);

--
-- Indexes for table `pegawai`
--
ALTER TABLE `pegawai`
  ADD PRIMARY KEY (`ID_PEGAWAI`);

--
-- Indexes for table `rombel`
--
ALTER TABLE `rombel`
  ADD PRIMARY KEY (`ID_ROMBEL`);

--
-- Indexes for table `ruang`
--
ALTER TABLE `ruang`
  ADD PRIMARY KEY (`ID_RUANG`);

--
-- Indexes for table `siswa`
--
ALTER TABLE `siswa`
  ADD PRIMARY KEY (`ID_SISWA`);

--
-- Indexes for table `tahun_ajaran`
--
ALTER TABLE `tahun_ajaran`
  ADD PRIMARY KEY (`TAHUN_AJARAN`);

--
-- Ketidakleluasaan untuk tabel pelimpahan (Dumped Tables)
--

--
-- Ketidakleluasaan untuk tabel `dabsensi_pegawai`
--
ALTER TABLE `dabsensi_pegawai`
  ADD CONSTRAINT `FK_DABSENSI_PEGAWAI` FOREIGN KEY (`ID_PEGAWAI`) REFERENCES `pegawai` (`ID_PEGAWAI`),
  ADD CONSTRAINT `FK_DABSENSI_PEGAWAI2` FOREIGN KEY (`ID_APEGAWAI`) REFERENCES `habsensi_pegawai` (`ID_APEGAWAI`);

--
-- Ketidakleluasaan untuk tabel `dabsensi_siswa`
--
ALTER TABLE `dabsensi_siswa`
  ADD CONSTRAINT `FK_DABSENSI_SISWA` FOREIGN KEY (`ID_ASISWA`) REFERENCES `habsensi_siswa` (`ID_ASISWA`),
  ADD CONSTRAINT `FK_DABSENSI_SISWA2` FOREIGN KEY (`ID_SISWA`) REFERENCES `siswa` (`ID_SISWA`);

--
-- Ketidakleluasaan untuk tabel `detail_jabatan`
--
ALTER TABLE `detail_jabatan`
  ADD CONSTRAINT `FK_MENDETAIL_JABATAN` FOREIGN KEY (`ID_JABATAN`) REFERENCES `jabatan` (`ID_JABATAN`),
  ADD CONSTRAINT `FK_MENJABAT` FOREIGN KEY (`ID_PEGAWAI`) REFERENCES `pegawai` (`ID_PEGAWAI`);

--
-- Ketidakleluasaan untuk tabel `dkelas`
--
ALTER TABLE `dkelas`
  ADD CONSTRAINT `FK_MEMPUNYAI_KELAS` FOREIGN KEY (`ID_SISWA`) REFERENCES `siswa` (`ID_SISWA`),
  ADD CONSTRAINT `FK_MEMPUNYAI_KELAS2` FOREIGN KEY (`ID_KELAS`) REFERENCES `hkelas` (`ID_KELAS`);

--
-- Ketidakleluasaan untuk tabel `dperizinan_pegawai`
--
ALTER TABLE `dperizinan_pegawai`
  ADD CONSTRAINT `FK_MEMOHON_IZIN` FOREIGN KEY (`ID_PEGAWAI`) REFERENCES `pegawai` (`ID_PEGAWAI`),
  ADD CONSTRAINT `FK_MENYETUJUI_IZIN` FOREIGN KEY (`ID_IZIN`) REFERENCES `hperizinan_pegawai` (`ID_IZIN`);

--
-- Ketidakleluasaan untuk tabel `habsensi_pegawai`
--
ALTER TABLE `habsensi_pegawai`
  ADD CONSTRAINT `FK_MENGABSEN_PEGAWAI` FOREIGN KEY (`ID_PEGAWAI`) REFERENCES `pegawai` (`ID_PEGAWAI`),
  ADD CONSTRAINT `FK_PERIODE_ABSENSI_PEGAWAI` FOREIGN KEY (`TAHUN_AJARAN`) REFERENCES `tahun_ajaran` (`TAHUN_AJARAN`);

--
-- Ketidakleluasaan untuk tabel `habsensi_siswa`
--
ALTER TABLE `habsensi_siswa`
  ADD CONSTRAINT `FK_DIABSENSI` FOREIGN KEY (`ID_KELAS`) REFERENCES `hkelas` (`ID_KELAS`),
  ADD CONSTRAINT `FK_MENGABSEN_SISWA` FOREIGN KEY (`ID_PEGAWAI`) REFERENCES `pegawai` (`ID_PEGAWAI`),
  ADD CONSTRAINT `FK_TAHUN_AJARAN_ABSENSI_SISWA` FOREIGN KEY (`TAHUN_AJARAN`) REFERENCES `tahun_ajaran` (`TAHUN_AJARAN`);

--
-- Ketidakleluasaan untuk tabel `hkelas`
--
ALTER TABLE `hkelas`
  ADD CONSTRAINT `FK_KELOMPOK` FOREIGN KEY (`ID_ROMBEL`) REFERENCES `rombel` (`ID_ROMBEL`),
  ADD CONSTRAINT `FK_MEMBINA_KELAS` FOREIGN KEY (`ID_PEGAWAI`) REFERENCES `pegawai` (`ID_PEGAWAI`),
  ADD CONSTRAINT `FK_MENEMPATI` FOREIGN KEY (`ID_RUANG`) REFERENCES `ruang` (`ID_RUANG`),
  ADD CONSTRAINT `FK_PERIODE_KELAS` FOREIGN KEY (`TAHUN_AJARAN`) REFERENCES `tahun_ajaran` (`TAHUN_AJARAN`);

--
-- Ketidakleluasaan untuk tabel `hperizinan_pegawai`
--
ALTER TABLE `hperizinan_pegawai`
  ADD CONSTRAINT `FK_MEMBERI_IZIN` FOREIGN KEY (`ID_PEGAWAI`) REFERENCES `pegawai` (`ID_PEGAWAI`),
  ADD CONSTRAINT `FK_TAHUN_AJARAN_PERIZINAN` FOREIGN KEY (`TAHUN_AJARAN`) REFERENCES `tahun_ajaran` (`TAHUN_AJARAN`);

--
-- Ketidakleluasaan untuk tabel `jadwal`
--
ALTER TABLE `jadwal`
  ADD CONSTRAINT `FK_BERADA` FOREIGN KEY (`ID_KELAS`) REFERENCES `hkelas` (`ID_KELAS`),
  ADD CONSTRAINT `FK_MASA_BERLAKU` FOREIGN KEY (`TAHUN_AJARAN`) REFERENCES `tahun_ajaran` (`TAHUN_AJARAN`),
  ADD CONSTRAINT `FK_MENGAJAR` FOREIGN KEY (`ID_PEGAWAI`) REFERENCES `pegawai` (`ID_PEGAWAI`),
  ADD CONSTRAINT `FK_MPY_JADWAL` FOREIGN KEY (`ID_MAPEL`) REFERENCES `mapel` (`ID_MAPEL`);

--
-- Ketidakleluasaan untuk tabel `mutasi_siswa`
--
ALTER TABLE `mutasi_siswa`
  ADD CONSTRAINT `FK_MUTASI` FOREIGN KEY (`ID_SISWA`) REFERENCES `siswa` (`ID_SISWA`);

/*!40101 SET CHARACTER_SET_CLIENT=@OLD_CHARACTER_SET_CLIENT */;
/*!40101 SET CHARACTER_SET_RESULTS=@OLD_CHARACTER_SET_RESULTS */;
/*!40101 SET COLLATION_CONNECTION=@OLD_COLLATION_CONNECTION */;
